country_region_code,country_region,sub_region_1,sub_region_2,iso_3166_2_code,census_fips_code,date,retail_and_recreation_percent_change_from_baseline,grocery_and_pharmacy_percent_change_from_baseline,parks_percent_change_from_baseline,transit_stations_percent_change_from_baseline,workplaces_percent_change_from_baseline,residential_percent_change_from_baseline
AU,Australia,,,,,15/2/20,4,3,-2,3,3,0
AU,Australia,,,,,16/2/20,3,5,9,3,-1,0
AU,Australia,,,,,17/2/20,-1,0,-6,7,17,-2
AU,Australia,,,,,18/2/20,-3,-2,-13,7,14,-1
AU,Australia,,,,,19/2/20,-1,-1,-6,8,13,-1
AU,Australia,,,,,20/2/20,0,1,5,9,13,-2
AU,Australia,,,,,21/2/20,3,4,-1,12,16,-3
AU,Australia,,,,,22/2/20,5,4,10,8,3,-1
AU,Australia,,,,,23/2/20,3,4,9,4,-2,0
AU,Australia,,,,,24/2/20,-1,1,-10,8,17,-1
AU,Australia,,,,,25/2/20,-3,-1,-8,10,15,-1
AU,Australia,,,,,26/2/20,-1,0,-5,10,14,-1
AU,Australia,,,,,27/2/20,0,1,-2,10,14,-1
AU,Australia,,,,,28/2/20,4,6,0,14,17,-3
AU,Australia,,,,,29/2/20,6,6,18,11,4,-1
AU,Australia,,,,,1/3/20,4,7,20,6,-1,0
AU,Australia,,,,,2/3/20,0,5,-1,6,10,0
AU,Australia,,,,,3/3/20,-2,7,-14,9,15,-1
AU,Australia,,,,,4/3/20,0,12,-15,7,14,-1
AU,Australia,,,,,5/3/20,-2,9,-19,6,13,0
AU,Australia,,,,,6/3/20,3,14,-6,9,16,-2
AU,Australia,,,,,7/3/20,3,12,10,3,2,0
AU,Australia,,,,,8/3/20,3,8,14,0,-2,0
AU,Australia,,,,,9/3/20,-3,3,5,-9,-14,4
AU,Australia,,,,,10/3/20,-2,9,-11,6,13,-1
AU,Australia,,,,,11/3/20,-1,8,-2,6,14,-1
AU,Australia,,,,,12/3/20,-1,11,2,6,13,-1
AU,Australia,,,,,13/3/20,1,17,-8,5,14,-1
AU,Australia,,,,,14/3/20,-1,20,-15,-10,3,2
AU,Australia,,,,,15/3/20,-2,24,-8,-13,-1,2
AU,Australia,,,,,16/3/20,-1,33,-18,-7,12,1
AU,Australia,,,,,17/3/20,-5,35,-21,-14,5,3
AU,Australia,,,,,18/3/20,-7,32,-15,-18,2,5
AU,Australia,,,,,19/3/20,-10,25,-9,-22,0,5
AU,Australia,,,,,20/3/20,-12,20,-12,-22,0,6
AU,Australia,,,,,21/3/20,-17,11,-9,-28,-4,7
AU,Australia,,,,,22/3/20,-18,10,-11,-34,-12,6
AU,Australia,,,,,23/3/20,-17,17,-27,-36,-6,8
AU,Australia,,,,,24/3/20,-30,4,-30,-45,-19,12
AU,Australia,,,,,25/3/20,-31,2,-33,-50,-23,14
AU,Australia,,,,,26/3/20,-34,2,-23,-53,-27,16
AU,Australia,,,,,27/3/20,-35,2,-30,-53,-26,17
AU,Australia,,,,,28/3/20,-41,-9,-34,-53,-27,15
AU,Australia,,,,,29/3/20,-45,-19,-35,-58,-33,13
AU,Australia,,,,,30/3/20,-39,-13,-35,-59,-32,16
AU,Australia,,,,,31/3/20,-41,-13,-35,-59,-36,18
AU,Australia,,,,,1/4/20,-40,-13,-36,-60,-37,19
AU,Australia,,,,,2/4/20,-42,-13,-42,-63,-38,20
AU,Australia,,,,,3/4/20,-40,-7,-41,-61,-36,20
AU,Australia,,,,,4/4/20,-44,-14,-52,-61,-33,17
AU,Australia,,,,,5/4/20,-44,-18,-43,-62,-36,14
AU,Australia,,,,,6/4/20,-37,-12,-35,-61,-37,17
AU,Australia,,,,,7/4/20,-38,-10,-39,-61,-39,19
AU,Australia,,,,,8/4/20,-35,-6,-38,-61,-39,19
AU,Australia,,,,,9/4/20,-28,15,-31,-59,-40,18
AU,Australia,,,,,10/4/20,-76,-55,-43,-77,-82,33
AU,Australia,,,,,11/4/20,-40,-2,-51,-63,-41,18
AU,Australia,,,,,12/4/20,-58,-38,-42,-64,-43,15
AU,Australia,,,,,13/4/20,-45,-23,-18,-73,-78,27
AU,Australia,,,,,14/4/20,-37,-7,-35,-61,-42,19
AU,Australia,,,,,15/4/20,-37,-10,-31,-60,-41,20
AU,Australia,,,,,16/4/20,-39,-8,-27,-60,-41,20
AU,Australia,,,,,17/4/20,-37,-4,-33,-59,-39,20
AU,Australia,,,,,18/4/20,-43,-11,-42,-55,-30,16
AU,Australia,,,,,19/4/20,-45,-17,-35,-58,-34,14
AU,Australia,,,,,20/4/20,-39,-14,-35,-60,-35,17
AU,Australia,,,,,21/4/20,-39,-13,-31,-58,-37,18
AU,Australia,,,,,22/4/20,-38,-12,-28,-58,-37,18
AU,Australia,,,,,23/4/20,-39,-9,-26,-58,-37,19
AU,Australia,,,,,24/4/20,-36,-2,-27,-56,-35,18
AU,Australia,,,,,25/4/20,-52,-28,-30,-56,-43,17
AU,Australia,,,,,26/4/20,-36,-3,-34,-55,-32,13
AU,Australia,,,,,27/4/20,-36,-10,-27,-60,-39,17
AU,Australia,,,,,28/4/20,-36,-10,-37,-57,-34,16
AU,Australia,,,,,29/4/20,-38,-13,-41,-58,-34,11
AU,Australia,,,,,30/4/20,-39,-8,-43,-60,-34,18
AU,Australia,,,,,1/5/20,-35,-3,-42,-56,-31,18
AU,Australia,,,,,2/5/20,-33,-1,-38,-51,-27,13
AU,Australia,,,,,3/5/20,-34,-6,-20,-52,-29,11
AU,Australia,,,,,4/5/20,-39,-17,-24,-58,-41,17
AU,Australia,,,,,5/5/20,-32,-3,-33,-55,-31,16
AU,Australia,,,,,6/5/20,-33,-6,-30,-55,-31,16
AU,Australia,,,,,7/5/20,-32,-2,-25,-54,-31,16
AU,Australia,,,,,8/5/20,-29,5,-23,-51,-28,16
AU,Australia,,,,,9/5/20,-25,13,-32,-46,-23,12
AU,Australia,,,,,10/5/20,-29,-4,-16,-46,-24,9
AU,Australia,,,,,11/5/20,-31,-7,-26,-53,-27,14
AU,Australia,,,,,12/5/20,-31,-4,-30,-52,-28,15
AU,Australia,,,,,13/5/20,-31,-5,-28,-52,-27,15
AU,Australia,,,,,14/5/20,-31,-4,-24,-52,-28,15
AU,Australia,,,,,15/5/20,-29,2,-26,-50,-27,15
AU,Australia,,,,,16/5/20,-26,3,-14,-41,-22,9
AU,Australia,,,,,17/5/20,-26,-3,0,-45,-24,8
AU,Australia,,,,,18/5/20,-26,-4,-25,-51,-24,13
AU,Australia,,,,,19/5/20,-28,-3,-27,-51,-25,14
AU,Australia,,,,,20/5/20,-27,-3,-27,-51,-25,15
AU,Australia,,,,,21/5/20,-28,-3,-33,-52,-26,15
AU,Australia,,,,,22/5/20,-25,5,-33,-49,-23,14
AU,Australia,,,,,23/5/20,-23,5,-32,-42,-19,10
AU,Australia,,,,,24/5/20,-27,-3,-23,-47,-23,9
AU,Australia,,,,,25/5/20,-25,-4,-30,-50,-22,12
AU,Australia,,,,,26/5/20,-26,-2,-27,-47,-20,12
AU,Australia,,,,,27/5/20,-24,-2,-21,-46,-20,13
AU,Australia,,,,,28/5/20,-24,-1,-14,-45,-20,13
AU,Australia,,,,,29/5/20,-23,5,-25,-44,-19,12
AU,Australia,,,,,30/5/20,-20,5,-7,-35,-14,8
AU,Australia,,,,,31/5/20,-23,-1,-7,-42,-18,8
AU,Australia,,,,,1/6/20,-22,-5,-24,-48,-24,12
AU,Australia,,,,,2/6/20,-23,-2,-33,-46,-18,12
AU,Australia,,,,,3/6/20,-20,-2,-20,-44,-18,12
AU,Australia,,,,,4/6/20,-20,-1,-13,-44,-18,11
AU,Australia,,,,,5/6/20,-16,6,-13,-40,-17,10
AU,Australia,,,,,6/6/20,-15,3,2,-31,-14,6
AU,Australia,,,,,7/6/20,-17,-4,1,-40,-18,5
AU,Australia,,,,,8/6/20,-15,-3,17,-55,-52,14
AU,Australia,,,,,9/6/20,-19,0,-24,-44,-18,10
AU,Australia,,,,,10/6/20,-20,-4,-32,-45,-17,11
AU,Australia,,,,,11/6/20,-19,-1,-14,-42,-16,11
AU,Australia,,,,,12/6/20,-16,3,-23,-40,-15,10
AU,Australia,Australian Capital Territory,,AU-ACT,,15/2/20,7,5,28,4,6,-1
AU,Australia,Australian Capital Territory,,AU-ACT,,16/2/20,8,19,34,16,2,-2
AU,Australia,Australian Capital Territory,,AU-ACT,,17/2/20,-1,10,9,21,25,-4
AU,Australia,Australian Capital Territory,,AU-ACT,,18/2/20,-2,-1,-11,12,24,-2
AU,Australia,Australian Capital Territory,,AU-ACT,,19/2/20,2,9,12,17,22,-3
AU,Australia,Australian Capital Territory,,AU-ACT,,20/2/20,8,7,16,20,21,-4
AU,Australia,Australian Capital Territory,,AU-ACT,,21/2/20,9,6,51,24,25,-4
AU,Australia,Australian Capital Territory,,AU-ACT,,22/2/20,21,6,160,44,10,-4
AU,Australia,Australian Capital Territory,,AU-ACT,,23/2/20,11,19,61,25,3,-3
AU,Australia,Australian Capital Territory,,AU-ACT,,24/2/20,1,11,5,19,27,-3
AU,Australia,Australian Capital Territory,,AU-ACT,,25/2/20,1,3,4,13,25,-3
AU,Australia,Australian Capital Territory,,AU-ACT,,26/2/20,1,8,18,16,23,-3
AU,Australia,Australian Capital Territory,,AU-ACT,,27/2/20,7,7,18,22,21,-4
AU,Australia,Australian Capital Territory,,AU-ACT,,28/2/20,10,9,45,24,26,-4
AU,Australia,Australian Capital Territory,,AU-ACT,,29/2/20,16,12,87,26,10,-3
AU,Australia,Australian Capital Territory,,AU-ACT,,1/3/20,11,20,69,21,3,-2
AU,Australia,Australian Capital Territory,,AU-ACT,,2/3/20,1,13,13,19,27,-3
AU,Australia,Australian Capital Territory,,AU-ACT,,3/3/20,1,5,8,9,21,-2
AU,Australia,Australian Capital Territory,,AU-ACT,,4/3/20,-4,6,-36,2,22,0
AU,Australia,Australian Capital Territory,,AU-ACT,,5/3/20,1,6,-31,11,20,-2
AU,Australia,Australian Capital Territory,,AU-ACT,,6/3/20,3,15,20,19,23,-4
AU,Australia,Australian Capital Territory,,AU-ACT,,7/3/20,5,8,83,12,4,-3
AU,Australia,Australian Capital Territory,,AU-ACT,,8/3/20,2,7,48,2,0,-3
AU,Australia,Australian Capital Territory,,AU-ACT,,9/3/20,-4,13,76,-25,-72,10
AU,Australia,Australian Capital Territory,,AU-ACT,,10/3/20,-1,10,1,8,23,-3
AU,Australia,Australian Capital Territory,,AU-ACT,,11/3/20,0,13,18,8,22,-2
AU,Australia,Australian Capital Territory,,AU-ACT,,12/3/20,4,13,17,16,20,-3
AU,Australia,Australian Capital Territory,,AU-ACT,,13/3/20,5,20,31,12,25,-2
AU,Australia,Australian Capital Territory,,AU-ACT,,14/3/20,5,26,13,-4,8,2
AU,Australia,Australian Capital Territory,,AU-ACT,,15/3/20,3,29,47,3,3,0
AU,Australia,Australian Capital Territory,,AU-ACT,,16/3/20,-1,40,1,2,23,0
AU,Australia,Australian Capital Territory,,AU-ACT,,17/3/20,-3,33,-7,-12,17,1
AU,Australia,Australian Capital Territory,,AU-ACT,,18/3/20,-5,42,2,-15,12,3
AU,Australia,Australian Capital Territory,,AU-ACT,,19/3/20,-2,37,3,-12,10,3
AU,Australia,Australian Capital Territory,,AU-ACT,,20/3/20,-7,32,17,-14,11,5
AU,Australia,Australian Capital Territory,,AU-ACT,,21/3/20,-9,25,52,-20,1,4
AU,Australia,Australian Capital Territory,,AU-ACT,,22/3/20,-11,25,44,-26,-8,4
AU,Australia,Australian Capital Territory,,AU-ACT,,23/3/20,-14,33,-7,-25,4,7
AU,Australia,Australian Capital Territory,,AU-ACT,,24/3/20,-30,9,-7,-44,-18,14
AU,Australia,Australian Capital Territory,,AU-ACT,,25/3/20,-33,12,-5,-47,-23,16
AU,Australia,Australian Capital Territory,,AU-ACT,,26/3/20,-32,9,8,-48,-28,17
AU,Australia,Australian Capital Territory,,AU-ACT,,27/3/20,-36,15,4,-50,-27,20
AU,Australia,Australian Capital Territory,,AU-ACT,,28/3/20,-38,4,25,-47,-24,13
AU,Australia,Australian Capital Territory,,AU-ACT,,29/3/20,-40,-3,38,-52,-31,11
AU,Australia,Australian Capital Territory,,AU-ACT,,30/3/20,-42,1,-18,-54,-34,18
AU,Australia,Australian Capital Territory,,AU-ACT,,31/3/20,-42,-5,-7,-58,-42,20
AU,Australia,Australian Capital Territory,,AU-ACT,,1/4/20,-41,1,0,-57,-45,22
AU,Australia,Australian Capital Territory,,AU-ACT,,2/4/20,-44,-7,-43,-64,-47,23
AU,Australia,Australian Capital Territory,,AU-ACT,,3/4/20,-41,5,-21,-60,-44,25
AU,Australia,Australian Capital Territory,,AU-ACT,,4/4/20,-42,1,-31,-60,-32,15
AU,Australia,Australian Capital Territory,,AU-ACT,,5/4/20,-39,-3,-7,-61,-36,13
AU,Australia,Australian Capital Territory,,AU-ACT,,6/4/20,-40,3,-6,-55,-45,20
AU,Australia,Australian Capital Territory,,AU-ACT,,7/4/20,-40,-2,-11,-58,-46,21
AU,Australia,Australian Capital Territory,,AU-ACT,,8/4/20,-38,10,-18,-60,-47,22
AU,Australia,Australian Capital Territory,,AU-ACT,,9/4/20,-27,30,-11,-56,-48,20
AU,Australia,Australian Capital Territory,,AU-ACT,,10/4/20,-74,-28,-26,-78,-87,38
AU,Australia,Australian Capital Territory,,AU-ACT,,11/4/20,-38,11,-22,-61,-40,15
AU,Australia,Australian Capital Territory,,AU-ACT,,12/4/20,-52,-24,41,-55,-44,13
AU,Australia,Australian Capital Territory,,AU-ACT,,13/4/20,-45,-5,32,-70,-84,29
AU,Australia,Australian Capital Territory,,AU-ACT,,14/4/20,-40,-1,-11,-61,-50,22
AU,Australia,Australian Capital Territory,,AU-ACT,,15/4/20,-38,8,16,-58,-49,23
AU,Australia,Australian Capital Territory,,AU-ACT,,16/4/20,-37,6,-3,-57,-49,22
AU,Australia,Australian Capital Territory,,AU-ACT,,17/4/20,-37,12,15,-56,-46,24
AU,Australia,Australian Capital Territory,,AU-ACT,,18/4/20,-39,-6,47,-45,-26,13
AU,Australia,Australian Capital Territory,,AU-ACT,,19/4/20,-41,-12,49,-52,-36,11
AU,Australia,Australian Capital Territory,,AU-ACT,,20/4/20,-43,-11,-14,-54,-46,20
AU,Australia,Australian Capital Territory,,AU-ACT,,21/4/20,-42,-15,-2,-56,-46,21
AU,Australia,Australian Capital Territory,,AU-ACT,,22/4/20,-41,-10,14,-55,-46,22
AU,Australia,Australian Capital Territory,,AU-ACT,,23/4/20,-39,-13,6,-53,-47,21
AU,Australia,Australian Capital Territory,,AU-ACT,,24/4/20,-39,-3,25,-51,-44,23
AU,Australia,Australian Capital Territory,,AU-ACT,,25/4/20,-45,-11,49,-49,-42,14
AU,Australia,Australian Capital Territory,,AU-ACT,,26/4/20,-39,-9,-26,-57,-36,12
AU,Australia,Australian Capital Territory,,AU-ACT,,27/4/20,-40,-2,64,-65,-80,26
AU,Australia,Australian Capital Territory,,AU-ACT,,28/4/20,-41,-13,-7,-53,-42,19
AU,Australia,Australian Capital Territory,,AU-ACT,,29/4/20,-47,-17,-56,-61,-45,17
AU,Australia,Australian Capital Territory,,AU-ACT,,30/4/20,-43,-14,-52,-61,-45,22
AU,Australia,Australian Capital Territory,,AU-ACT,,1/5/20,-43,-9,-47,-59,-41,24
AU,Australia,Australian Capital Territory,,AU-ACT,,2/5/20,-32,6,-19,-46,-25,12
AU,Australia,Australian Capital Territory,,AU-ACT,,3/5/20,-33,-1,59,-45,-27,9
AU,Australia,Australian Capital Territory,,AU-ACT,,4/5/20,-38,-4,-6,-51,-40,18
AU,Australia,Australian Capital Territory,,AU-ACT,,5/5/20,-39,-9,-3,-52,-41,19
AU,Australia,Australian Capital Territory,,AU-ACT,,6/5/20,-37,-3,4,-51,-41,20
AU,Australia,Australian Capital Territory,,AU-ACT,,7/5/20,-37,-9,-2,-50,-41,19
AU,Australia,Australian Capital Territory,,AU-ACT,,8/5/20,-34,0,22,-48,-37,20
AU,Australia,Australian Capital Territory,,AU-ACT,,9/5/20,-25,10,-10,-41,-20,10
AU,Australia,Australian Capital Territory,,AU-ACT,,10/5/20,-30,-2,49,-41,-24,6
AU,Australia,Australian Capital Territory,,AU-ACT,,11/5/20,-38,-9,-10,-49,-37,17
AU,Australia,Australian Capital Territory,,AU-ACT,,12/5/20,-38,-8,-12,-53,-37,19
AU,Australia,Australian Capital Territory,,AU-ACT,,13/5/20,-37,-3,-4,-51,-37,19
AU,Australia,Australian Capital Territory,,AU-ACT,,14/5/20,-34,-2,11,-49,-37,17
AU,Australia,Australian Capital Territory,,AU-ACT,,15/5/20,-34,-2,26,-49,-35,19
AU,Australia,Australian Capital Territory,,AU-ACT,,16/5/20,-24,4,50,-37,-18,8
AU,Australia,Australian Capital Territory,,AU-ACT,,17/5/20,-26,1,84,-43,-24,7
AU,Australia,Australian Capital Territory,,AU-ACT,,18/5/20,-32,-3,-3,-46,-31,15
AU,Australia,Australian Capital Territory,,AU-ACT,,19/5/20,-33,-7,-7,-50,-30,16
AU,Australia,Australian Capital Territory,,AU-ACT,,20/5/20,-33,-3,-28,-52,-31,18
AU,Australia,Australian Capital Territory,,AU-ACT,,21/5/20,-30,-3,-1,-46,-32,17
AU,Australia,Australian Capital Territory,,AU-ACT,,22/5/20,-29,-2,-2,-46,-28,18
AU,Australia,Australian Capital Territory,,AU-ACT,,23/5/20,-22,3,-22,-40,-15,9
AU,Australia,Australian Capital Territory,,AU-ACT,,24/5/20,-24,-1,55,-43,-21,7
AU,Australia,Australian Capital Territory,,AU-ACT,,25/5/20,-30,-5,-9,-43,-27,14
AU,Australia,Australian Capital Territory,,AU-ACT,,26/5/20,-30,-7,-8,-47,-25,15
AU,Australia,Australian Capital Territory,,AU-ACT,,27/5/20,-29,-2,1,-46,-26,16
AU,Australia,Australian Capital Territory,,AU-ACT,,28/5/20,-25,2,12,-42,-25,14
AU,Australia,Australian Capital Territory,,AU-ACT,,29/5/20,-24,0,22,-41,-22,15
AU,Australia,Australian Capital Territory,,AU-ACT,,30/5/20,-18,1,57,-30,-8,6
AU,Australia,Australian Capital Territory,,AU-ACT,,31/5/20,-21,-5,51,-41,-14,5
AU,Australia,Australian Capital Territory,,AU-ACT,,1/6/20,-26,2,-9,-63,-75,21
AU,Australia,Australian Capital Territory,,AU-ACT,,2/6/20,-26,-5,-13,-42,-20,13
AU,Australia,Australian Capital Territory,,AU-ACT,,3/6/20,-24,-1,5,-39,-21,14
AU,Australia,Australian Capital Territory,,AU-ACT,,4/6/20,-22,-2,-1,-40,-21,13
AU,Australia,Australian Capital Territory,,AU-ACT,,5/6/20,-20,-1,18,-38,-20,12
AU,Australia,Australian Capital Territory,,AU-ACT,,6/6/20,-16,-2,52,-32,-10,4
AU,Australia,Australian Capital Territory,,AU-ACT,,7/6/20,-18,-10,39,-41,-17,4
AU,Australia,Australian Capital Territory,,AU-ACT,,8/6/20,-20,3,71,-60,-77,17
AU,Australia,Australian Capital Territory,,AU-ACT,,9/6/20,-26,-4,-18,-41,-20,12
AU,Australia,Australian Capital Territory,,AU-ACT,,10/6/20,-25,-3,-6,-40,-19,13
AU,Australia,Australian Capital Territory,,AU-ACT,,11/6/20,-20,1,-4,-38,-19,12
AU,Australia,Australian Capital Territory,,AU-ACT,,12/6/20,-18,1,8,-35,-15,13
AU,Australia,New South Wales,,AU-NSW,,15/2/20,4,5,1,10,3,-1
AU,Australia,New South Wales,,AU-NSW,,16/2/20,5,6,13,6,-1,0
AU,Australia,New South Wales,,AU-NSW,,17/2/20,-2,0,-17,6,17,-1
AU,Australia,New South Wales,,AU-NSW,,18/2/20,-3,-2,-11,7,14,-2
AU,Australia,New South Wales,,AU-NSW,,19/2/20,-2,-1,-2,8,14,-2
AU,Australia,New South Wales,,AU-NSW,,20/2/20,2,1,4,9,15,-2
AU,Australia,New South Wales,,AU-NSW,,21/2/20,1,2,-2,10,17,-3
AU,Australia,New South Wales,,AU-NSW,,22/2/20,4,6,-6,8,3,-1
AU,Australia,New South Wales,,AU-NSW,,23/2/20,3,6,7,1,-1,0
AU,Australia,New South Wales,,AU-NSW,,24/2/20,-1,1,-5,7,17,-2
AU,Australia,New South Wales,,AU-NSW,,25/2/20,-3,-2,-4,9,15,-2
AU,Australia,New South Wales,,AU-NSW,,26/2/20,-3,-2,-3,7,14,-1
AU,Australia,New South Wales,,AU-NSW,,27/2/20,3,3,4,10,15,-2
AU,Australia,New South Wales,,AU-NSW,,28/2/20,3,5,3,12,18,-4
AU,Australia,New South Wales,,AU-NSW,,29/2/20,6,9,13,15,4,-2
AU,Australia,New South Wales,,AU-NSW,,1/3/20,4,9,27,4,0,-1
AU,Australia,New South Wales,,AU-NSW,,2/3/20,-1,5,-7,7,18,-2
AU,Australia,New South Wales,,AU-NSW,,3/3/20,-4,6,-27,6,15,-1
AU,Australia,New South Wales,,AU-NSW,,4/3/20,-3,14,-30,2,13,0
AU,Australia,New South Wales,,AU-NSW,,5/3/20,-3,7,-38,2,14,1
AU,Australia,New South Wales,,AU-NSW,,6/3/20,2,14,-11,6,17,-2
AU,Australia,New South Wales,,AU-NSW,,7/3/20,3,15,-1,5,4,0
AU,Australia,New South Wales,,AU-NSW,,8/3/20,2,11,-1,-7,0,1
AU,Australia,New South Wales,,AU-NSW,,9/3/20,-2,8,-17,4,16,0
AU,Australia,New South Wales,,AU-NSW,,10/3/20,-4,6,-15,1,13,-1
AU,Australia,New South Wales,,AU-NSW,,11/3/20,-4,7,-5,2,13,-1
AU,Australia,New South Wales,,AU-NSW,,12/3/20,0,10,4,2,13,-1
AU,Australia,New South Wales,,AU-NSW,,13/3/20,-1,14,-1,1,14,-2
AU,Australia,New South Wales,,AU-NSW,,14/3/20,-5,14,-35,-14,1,2
AU,Australia,New South Wales,,AU-NSW,,15/3/20,-3,21,-16,-17,-2,3
AU,Australia,New South Wales,,AU-NSW,,16/3/20,-5,29,-34,-13,9,3
AU,Australia,New South Wales,,AU-NSW,,17/3/20,-6,35,-26,-19,2,4
AU,Australia,New South Wales,,AU-NSW,,18/3/20,-8,36,-13,-21,-2,5
AU,Australia,New South Wales,,AU-NSW,,19/3/20,-9,30,-3,-24,-3,6
AU,Australia,New South Wales,,AU-NSW,,20/3/20,-14,20,-3,-25,-3,6
AU,Australia,New South Wales,,AU-NSW,,21/3/20,-18,16,-9,-26,-5,6
AU,Australia,New South Wales,,AU-NSW,,22/3/20,-16,17,3,-34,-12,6
AU,Australia,New South Wales,,AU-NSW,,23/3/20,-20,19,-28,-38,-11,9
AU,Australia,New South Wales,,AU-NSW,,24/3/20,-33,4,-33,-47,-24,14
AU,Australia,New South Wales,,AU-NSW,,25/3/20,-36,0,-41,-53,-28,16
AU,Australia,New South Wales,,AU-NSW,,26/3/20,-37,3,-33,-55,-32,18
AU,Australia,New South Wales,,AU-NSW,,27/3/20,-39,3,-30,-54,-31,18
AU,Australia,New South Wales,,AU-NSW,,28/3/20,-44,-7,-39,-52,-29,15
AU,Australia,New South Wales,,AU-NSW,,29/3/20,-44,-13,-27,-57,-35,14
AU,Australia,New South Wales,,AU-NSW,,30/3/20,-43,-13,-38,-60,-36,18
AU,Australia,New South Wales,,AU-NSW,,31/3/20,-43,-13,-35,-60,-40,19
AU,Australia,New South Wales,,AU-NSW,,1/4/20,-44,-12,-42,-62,-41,20
AU,Australia,New South Wales,,AU-NSW,,2/4/20,-44,-12,-47,-63,-41,22
AU,Australia,New South Wales,,AU-NSW,,3/4/20,-44,-8,-47,-61,-39,21
AU,Australia,New South Wales,,AU-NSW,,4/4/20,-46,-10,-49,-58,-35,17
AU,Australia,New South Wales,,AU-NSW,,5/4/20,-43,-11,-27,-59,-37,14
AU,Australia,New South Wales,,AU-NSW,,6/4/20,-40,-11,-35,-60,-39,18
AU,Australia,New South Wales,,AU-NSW,,7/4/20,-41,-9,-44,-61,-42,20
AU,Australia,New South Wales,,AU-NSW,,8/4/20,-39,-5,-46,-62,-41,20
AU,Australia,New South Wales,,AU-NSW,,9/4/20,-30,16,-37,-60,-42,19
AU,Australia,New South Wales,,AU-NSW,,10/4/20,-72,-49,-53,-77,-82,34
AU,Australia,New South Wales,,AU-NSW,,11/4/20,-43,-2,-48,-60,-43,18
AU,Australia,New South Wales,,AU-NSW,,12/4/20,-63,-39,-33,-63,-48,17
AU,Australia,New South Wales,,AU-NSW,,13/4/20,-44,-19,-18,-72,-79,28
AU,Australia,New South Wales,,AU-NSW,,14/4/20,-38,-6,-34,-62,-46,20
AU,Australia,New South Wales,,AU-NSW,,15/4/20,-40,-7,-27,-60,-44,20
AU,Australia,New South Wales,,AU-NSW,,16/4/20,-40,-6,-26,-60,-43,21
AU,Australia,New South Wales,,AU-NSW,,17/4/20,-40,-3,-27,-58,-41,20
AU,Australia,New South Wales,,AU-NSW,,18/4/20,-44,-9,-34,-51,-31,15
AU,Australia,New South Wales,,AU-NSW,,19/4/20,-46,-13,-27,-57,-36,14
AU,Australia,New South Wales,,AU-NSW,,20/4/20,-41,-15,-34,-60,-40,19
AU,Australia,New South Wales,,AU-NSW,,21/4/20,-41,-14,-28,-59,-42,19
AU,Australia,New South Wales,,AU-NSW,,22/4/20,-41,-12,-23,-58,-41,19
AU,Australia,New South Wales,,AU-NSW,,23/4/20,-39,-8,-17,-57,-41,20
AU,Australia,New South Wales,,AU-NSW,,24/4/20,-39,-4,-22,-56,-39,19
AU,Australia,New South Wales,,AU-NSW,,25/4/20,-49,-16,-26,-51,-44,16
AU,Australia,New South Wales,,AU-NSW,,26/4/20,-40,-6,-26,-55,-35,13
AU,Australia,New South Wales,,AU-NSW,,27/4/20,-39,-12,-37,-59,-38,18
AU,Australia,New South Wales,,AU-NSW,,28/4/20,-40,-12,-37,-58,-38,17
AU,Australia,New South Wales,,AU-NSW,,29/4/20,-41,-13,-35,-58,-38,12
AU,Australia,New South Wales,,AU-NSW,,30/4/20,-43,-12,-56,-62,-39,21
AU,Australia,New South Wales,,AU-NSW,,1/5/20,-37,-3,-39,-55,-35,18
AU,Australia,New South Wales,,AU-NSW,,2/5/20,-35,1,-45,-47,-28,13
AU,Australia,New South Wales,,AU-NSW,,3/5/20,-35,-3,-18,-50,-30,11
AU,Australia,New South Wales,,AU-NSW,,4/5/20,-35,-9,-29,-56,-34,16
AU,Australia,New South Wales,,AU-NSW,,5/5/20,-37,-9,-37,-56,-36,17
AU,Australia,New South Wales,,AU-NSW,,6/5/20,-36,-6,-23,-54,-35,18
AU,Australia,New South Wales,,AU-NSW,,7/5/20,-33,-1,-21,-53,-35,18
AU,Australia,New South Wales,,AU-NSW,,8/5/20,-32,4,-17,-50,-33,16
AU,Australia,New South Wales,,AU-NSW,,9/5/20,-26,15,-25,-38,-24,10
AU,Australia,New South Wales,,AU-NSW,,10/5/20,-30,-1,-15,-43,-25,8
AU,Australia,New South Wales,,AU-NSW,,11/5/20,-33,-7,-25,-52,-30,15
AU,Australia,New South Wales,,AU-NSW,,12/5/20,-33,-4,-29,-52,-31,16
AU,Australia,New South Wales,,AU-NSW,,13/5/20,-34,-4,-28,-52,-31,16
AU,Australia,New South Wales,,AU-NSW,,14/5/20,-33,-4,-36,-53,-31,16
AU,Australia,New South Wales,,AU-NSW,,15/5/20,-32,-1,-40,-51,-30,16
AU,Australia,New South Wales,,AU-NSW,,16/5/20,-28,4,-27,-38,-23,9
AU,Australia,New South Wales,,AU-NSW,,17/5/20,-26,-2,1,-42,-25,9
AU,Australia,New South Wales,,AU-NSW,,18/5/20,-29,-4,-33,-52,-28,15
AU,Australia,New South Wales,,AU-NSW,,19/5/20,-29,-3,-23,-50,-29,15
AU,Australia,New South Wales,,AU-NSW,,20/5/20,-29,-3,-17,-49,-29,15
AU,Australia,New South Wales,,AU-NSW,,21/5/20,-30,-4,-38,-51,-29,17
AU,Australia,New South Wales,,AU-NSW,,22/5/20,-29,2,-41,-50,-27,16
AU,Australia,New South Wales,,AU-NSW,,23/5/20,-24,6,-36,-38,-20,10
AU,Australia,New South Wales,,AU-NSW,,24/5/20,-26,-1,-24,-45,-24,9
AU,Australia,New South Wales,,AU-NSW,,25/5/20,-28,-8,-45,-50,-24,13
AU,Australia,New South Wales,,AU-NSW,,26/5/20,-28,-2,-41,-49,-24,14
AU,Australia,New South Wales,,AU-NSW,,27/5/20,-26,-1,-20,-45,-22,13
AU,Australia,New South Wales,,AU-NSW,,28/5/20,-24,-1,-8,-43,-21,13
AU,Australia,New South Wales,,AU-NSW,,29/5/20,-25,3,-31,-43,-20,13
AU,Australia,New South Wales,,AU-NSW,,30/5/20,-21,5,-4,-29,-13,7
AU,Australia,New South Wales,,AU-NSW,,31/5/20,-22,0,7,-38,-17,8
AU,Australia,New South Wales,,AU-NSW,,1/6/20,-20,-3,-18,-43,-18,11
AU,Australia,New South Wales,,AU-NSW,,2/6/20,-25,-4,-39,-46,-20,13
AU,Australia,New South Wales,,AU-NSW,,3/6/20,-22,-2,-19,-43,-20,12
AU,Australia,New South Wales,,AU-NSW,,4/6/20,-19,-2,-16,-42,-19,12
AU,Australia,New South Wales,,AU-NSW,,5/6/20,-16,4,-9,-38,-19,9
AU,Australia,New South Wales,,AU-NSW,,6/6/20,-14,3,11,-25,-14,5
AU,Australia,New South Wales,,AU-NSW,,7/6/20,-15,-7,9,-36,-18,5
AU,Australia,New South Wales,,AU-NSW,,8/6/20,-13,-2,31,-57,-72,18
AU,Australia,New South Wales,,AU-NSW,,9/6/20,-21,0,-30,-44,-21,12
AU,Australia,New South Wales,,AU-NSW,,10/6/20,-25,-7,-48,-46,-20,13
AU,Australia,New South Wales,,AU-NSW,,11/6/20,-18,-2,-10,-41,-18,12
AU,Australia,New South Wales,,AU-NSW,,12/6/20,-19,-1,-33,-40,-16,10
AU,Australia,Northern Territory,,AU-NT,,15/2/20,7,8,10,-3,2,0
AU,Australia,Northern Territory,,AU-NT,,16/2/20,4,14,6,-2,2,2
AU,Australia,Northern Territory,,AU-NT,,17/2/20,3,3,21,8,21,-1
AU,Australia,Northern Territory,,AU-NT,,18/2/20,0,-4,5,4,15,-1
AU,Australia,Northern Territory,,AU-NT,,19/2/20,6,2,13,0,16,-1
AU,Australia,Northern Territory,,AU-NT,,20/2/20,4,0,3,4,14,-1
AU,Australia,Northern Territory,,AU-NT,,21/2/20,7,8,-5,6,20,-2
AU,Australia,Northern Territory,,AU-NT,,22/2/20,12,8,12,-2,3,0
AU,Australia,Northern Territory,,AU-NT,,23/2/20,7,9,1,7,3,1
AU,Australia,Northern Territory,,AU-NT,,24/2/20,7,4,31,11,22,-2
AU,Australia,Northern Territory,,AU-NT,,25/2/20,5,-1,21,6,17,-2
AU,Australia,Northern Territory,,AU-NT,,26/2/20,7,5,5,5,18,-1
AU,Australia,Northern Territory,,AU-NT,,27/2/20,3,0,-3,4,13,1
AU,Australia,Northern Territory,,AU-NT,,28/2/20,11,9,4,5,21,-2
AU,Australia,Northern Territory,,AU-NT,,29/2/20,11,10,18,-10,6,1
AU,Australia,Northern Territory,,AU-NT,,1/3/20,5,15,13,-2,4,1
AU,Australia,Northern Territory,,AU-NT,,2/3/20,5,7,16,8,23,-1
AU,Australia,Northern Territory,,AU-NT,,3/3/20,2,-1,4,8,17,-1
AU,Australia,Northern Territory,,AU-NT,,4/3/20,8,7,7,4,20,-2
AU,Australia,Northern Territory,,AU-NT,,5/3/20,9,12,28,7,16,-1
AU,Australia,Northern Territory,,AU-NT,,6/3/20,12,12,12,2,20,-2
AU,Australia,Northern Territory,,AU-NT,,7/3/20,11,14,13,-4,2,1
AU,Australia,Northern Territory,,AU-NT,,8/3/20,5,9,-4,-7,5,2
AU,Australia,Northern Territory,,AU-NT,,9/3/20,3,4,10,1,22,0
AU,Australia,Northern Territory,,AU-NT,,10/3/20,3,0,11,4,17,-2
AU,Australia,Northern Territory,,AU-NT,,11/3/20,4,6,15,3,19,-1
AU,Australia,Northern Territory,,AU-NT,,12/3/20,4,4,19,4,16,0
AU,Australia,Northern Territory,,AU-NT,,13/3/20,6,15,14,-2,20,-2
AU,Australia,Northern Territory,,AU-NT,,14/3/20,9,13,17,-10,2,1
AU,Australia,Northern Territory,,AU-NT,,15/3/20,3,21,10,-9,4,2
AU,Australia,Northern Territory,,AU-NT,,16/3/20,7,21,12,-4,24,-1
AU,Australia,Northern Territory,,AU-NT,,17/3/20,2,12,7,-6,16,0
AU,Australia,Northern Territory,,AU-NT,,18/3/20,3,20,5,-8,18,1
AU,Australia,Northern Territory,,AU-NT,,19/3/20,5,20,5,-7,16,1
AU,Australia,Northern Territory,,AU-NT,,20/3/20,4,23,10,-10,18,1
AU,Australia,Northern Territory,,AU-NT,,21/3/20,-1,19,5,-21,-2,4
AU,Australia,Northern Territory,,AU-NT,,22/3/20,-5,12,-1,-18,-2,4
AU,Australia,Northern Territory,,AU-NT,,23/3/20,-4,28,4,-10,17,3
AU,Australia,Northern Territory,,AU-NT,,24/3/20,-15,7,-14,-21,6,6
AU,Australia,Northern Territory,,AU-NT,,25/3/20,-14,13,-15,-28,5,7
AU,Australia,Northern Territory,,AU-NT,,26/3/20,-21,5,-11,-31,-1,9
AU,Australia,Northern Territory,,AU-NT,,27/3/20,-24,10,-13,-39,1,10
AU,Australia,Northern Territory,,AU-NT,,28/3/20,-30,-6,-21,-47,-21,12
AU,Australia,Northern Territory,,AU-NT,,29/3/20,-35,-13,-20,-55,-23,
AU,Australia,Northern Territory,,AU-NT,,30/3/20,-23,-5,-14,-43,-2,10
AU,Australia,Northern Territory,,AU-NT,,31/3/20,-25,-10,-22,-40,-9,10
AU,Australia,Northern Territory,,AU-NT,,1/4/20,-24,-6,-20,-43,-8,11
AU,Australia,Northern Territory,,AU-NT,,2/4/20,-24,-2,-18,-46,-11,13
AU,Australia,Northern Territory,,AU-NT,,3/4/20,-24,9,-21,-45,-8,12
AU,Australia,Northern Territory,,AU-NT,,4/4/20,-26,-9,-20,-52,-23,12
AU,Australia,Northern Territory,,AU-NT,,5/4/20,-29,-16,-22,-58,-25,
AU,Australia,Northern Territory,,AU-NT,,6/4/20,-21,-2,-13,-47,-8,11
AU,Australia,Northern Territory,,AU-NT,,7/4/20,-23,-4,-19,-48,-14,11
AU,Australia,Northern Territory,,AU-NT,,8/4/20,-20,2,-16,-44,-12,12
AU,Australia,Northern Territory,,AU-NT,,9/4/20,-11,21,-15,-41,-15,11
AU,Australia,Northern Territory,,AU-NT,,10/4/20,-67,-60,-27,-67,-74,30
AU,Australia,Northern Territory,,AU-NT,,11/4/20,-24,7,-19,-54,-30,12
AU,Australia,Northern Territory,,AU-NT,,12/4/20,-36,-25,-15,-57,-27,
AU,Australia,Northern Territory,,AU-NT,,13/4/20,-35,-21,3,-63,-70,25
AU,Australia,Northern Territory,,AU-NT,,14/4/20,-21,-5,-10,-45,-19,12
AU,Australia,Northern Territory,,AU-NT,,15/4/20,-21,-1,-11,-43,-16,13
AU,Australia,Northern Territory,,AU-NT,,16/4/20,-20,0,-11,-43,-18,13
AU,Australia,Northern Territory,,AU-NT,,17/4/20,-21,10,-12,-42,-15,13
AU,Australia,Northern Territory,,AU-NT,,18/4/20,-25,-6,-10,-39,-21,10
AU,Australia,Northern Territory,,AU-NT,,19/4/20,-29,-8,-11,-48,-23,
AU,Australia,Northern Territory,,AU-NT,,20/4/20,-20,0,-15,-39,1,9
AU,Australia,Northern Territory,,AU-NT,,21/4/20,-24,-7,-15,-40,-3,9
AU,Australia,Northern Territory,,AU-NT,,22/4/20,-22,-3,-12,-35,-2,9
AU,Australia,Northern Territory,,AU-NT,,23/4/20,-21,-2,-10,-34,-4,10
AU,Australia,Northern Territory,,AU-NT,,24/4/20,-19,10,-8,-36,-1,9
AU,Australia,Northern Territory,,AU-NT,,25/4/20,-32,-11,-2,-42,-32,11
AU,Australia,Northern Territory,,AU-NT,,26/4/20,-20,-2,-9,-42,-22,8
AU,Australia,Northern Territory,,AU-NT,,27/4/20,-18,2,-4,-35,4,8
AU,Australia,Northern Territory,,AU-NT,,28/4/20,-17,-5,-4,-29,1,6
AU,Australia,Northern Territory,,AU-NT,,29/4/20,-18,2,-13,-33,2,1
AU,Australia,Northern Territory,,AU-NT,,30/4/20,-19,9,-4,-34,-1,9
AU,Australia,Northern Territory,,AU-NT,,1/5/20,-15,22,3,-33,0,8
AU,Australia,Northern Territory,,AU-NT,,2/5/20,-16,13,23,-32,-19,6
AU,Australia,Northern Territory,,AU-NT,,3/5/20,-18,8,28,-37,-21,4
AU,Australia,Northern Territory,,AU-NT,,4/5/20,-22,3,45,-45,-67,19
AU,Australia,Northern Territory,,AU-NT,,5/5/20,-16,8,-3,-30,5,6
AU,Australia,Northern Territory,,AU-NT,,6/5/20,-17,12,0,-28,6,7
AU,Australia,Northern Territory,,AU-NT,,7/5/20,-17,9,6,-29,3,8
AU,Australia,Northern Territory,,AU-NT,,8/5/20,-14,21,7,-26,7,7
AU,Australia,Northern Territory,,AU-NT,,9/5/20,-12,19,30,-29,-15,6
AU,Australia,Northern Territory,,AU-NT,,10/5/20,-14,17,28,-35,-17,5
AU,Australia,Northern Territory,,AU-NT,,11/5/20,-15,9,-1,-33,10,6
AU,Australia,Northern Territory,,AU-NT,,12/5/20,-14,7,-2,-26,7,6
AU,Australia,Northern Territory,,AU-NT,,13/5/20,-15,9,-3,-28,8,6
AU,Australia,Northern Territory,,AU-NT,,14/5/20,-13,12,10,-27,5,6
AU,Australia,Northern Territory,,AU-NT,,15/5/20,-4,17,13,-28,8,4
AU,Australia,Northern Territory,,AU-NT,,16/5/20,-5,16,29,-26,-11,4
AU,Australia,Northern Territory,,AU-NT,,17/5/20,-5,14,21,-40,-12,4
AU,Australia,Northern Territory,,AU-NT,,18/5/20,-2,12,1,-25,13,5
AU,Australia,Northern Territory,,AU-NT,,19/5/20,-5,8,-3,-24,9,4
AU,Australia,Northern Territory,,AU-NT,,20/5/20,-5,18,-2,-27,11,5
AU,Australia,Northern Territory,,AU-NT,,21/5/20,-6,14,3,-27,7,6
AU,Australia,Northern Territory,,AU-NT,,22/5/20,-1,30,5,-26,11,4
AU,Australia,Northern Territory,,AU-NT,,23/5/20,-3,24,25,-26,-9,4
AU,Australia,Northern Territory,,AU-NT,,24/5/20,-4,20,26,-36,-10,3
AU,Australia,Northern Territory,,AU-NT,,25/5/20,-2,22,9,-26,14,4
AU,Australia,Northern Territory,,AU-NT,,26/5/20,-6,13,1,-25,11,4
AU,Australia,Northern Territory,,AU-NT,,27/5/20,-4,19,2,-28,13,4
AU,Australia,Northern Territory,,AU-NT,,28/5/20,-2,18,5,-26,10,5
AU,Australia,Northern Territory,,AU-NT,,29/5/20,0,28,13,-27,13,3
AU,Australia,Northern Territory,,AU-NT,,30/5/20,-3,25,36,-28,-6,3
AU,Australia,Northern Territory,,AU-NT,,31/5/20,-4,21,31,-36,-6,3
AU,Australia,Northern Territory,,AU-NT,,1/6/20,0,19,5,-31,16,4
AU,Australia,Northern Territory,,AU-NT,,2/6/20,-4,15,3,-25,14,3
AU,Australia,Northern Territory,,AU-NT,,3/6/20,-1,19,3,-28,14,4
AU,Australia,Northern Territory,,AU-NT,,4/6/20,-1,17,7,-25,11,4
AU,Australia,Northern Territory,,AU-NT,,5/6/20,12,27,26,-26,9,1
AU,Australia,Northern Territory,,AU-NT,,6/6/20,5,18,51,-32,-8,-1
AU,Australia,Northern Territory,,AU-NT,,7/6/20,4,12,64,-41,-7,-2
AU,Australia,Northern Territory,,AU-NT,,8/6/20,-1,6,73,-45,-63,13
AU,Australia,Northern Territory,,AU-NT,,9/6/20,1,14,2,-25,11,3
AU,Australia,Northern Territory,,AU-NT,,10/6/20,1,13,5,-31,15,3
AU,Australia,Northern Territory,,AU-NT,,11/6/20,4,10,10,-28,10,3
AU,Australia,Northern Territory,,AU-NT,,12/6/20,10,18,18,-30,14,1
AU,Australia,Queensland,,AU-QLD,,15/2/20,3,4,-8,-2,1,1
AU,Australia,Queensland,,AU-QLD,,16/2/20,2,3,-9,-4,-1,1
AU,Australia,Queensland,,AU-QLD,,17/2/20,-2,1,-14,4,16,-1
AU,Australia,Queensland,,AU-QLD,,18/2/20,-2,1,-1,5,12,-2
AU,Australia,Queensland,,AU-QLD,,19/2/20,-3,-1,-6,4,10,-1
AU,Australia,Queensland,,AU-QLD,,20/2/20,-1,1,2,6,10,-2
AU,Australia,Queensland,,AU-QLD,,21/2/20,-1,1,-5,5,15,-2
AU,Australia,Queensland,,AU-QLD,,22/2/20,3,3,-6,3,1,0
AU,Australia,Queensland,,AU-QLD,,23/2/20,1,2,-23,-5,-2,1
AU,Australia,Queensland,,AU-QLD,,24/2/20,-4,-1,-29,5,17,-1
AU,Australia,Queensland,,AU-QLD,,25/2/20,-3,-1,-12,4,13,-1
AU,Australia,Queensland,,AU-QLD,,26/2/20,-3,-1,-5,7,11,-1
AU,Australia,Queensland,,AU-QLD,,27/2/20,-4,0,-10,6,11,-1
AU,Australia,Queensland,,AU-QLD,,28/2/20,0,2,-4,9,17,-2
AU,Australia,Queensland,,AU-QLD,,29/2/20,6,5,1,8,3,0
AU,Australia,Queensland,,AU-QLD,,1/3/20,3,6,5,2,0,0
AU,Australia,Queensland,,AU-QLD,,2/3/20,-2,4,-11,6,18,-2
AU,Australia,Queensland,,AU-QLD,,3/3/20,-2,6,-2,4,14,-2
AU,Australia,Queensland,,AU-QLD,,4/3/20,-2,8,-9,4,11,-1
AU,Australia,Queensland,,AU-QLD,,5/3/20,-3,8,-1,6,11,-2
AU,Australia,Queensland,,AU-QLD,,6/3/20,-1,6,-11,5,16,-2
AU,Australia,Queensland,,AU-QLD,,7/3/20,2,8,-3,-2,2,1
AU,Australia,Queensland,,AU-QLD,,8/3/20,2,5,-7,-4,0,1
AU,Australia,Queensland,,AU-QLD,,9/3/20,-8,-2,-43,-1,16,1
AU,Australia,Queensland,,AU-QLD,,10/3/20,-4,4,-25,1,13,0
AU,Australia,Queensland,,AU-QLD,,11/3/20,-3,5,-9,3,11,0
AU,Australia,Queensland,,AU-QLD,,12/3/20,-4,4,-21,2,10,-1
AU,Australia,Queensland,,AU-QLD,,13/3/20,-1,9,-13,1,15,-1
AU,Australia,Queensland,,AU-QLD,,14/3/20,1,14,-8,-6,2,2
AU,Australia,Queensland,,AU-QLD,,15/3/20,-1,15,-6,-8,-1,2
AU,Australia,Queensland,,AU-QLD,,16/3/20,-1,26,-17,-7,14,1
AU,Australia,Queensland,,AU-QLD,,17/3/20,-4,29,-12,-12,7,2
AU,Australia,Queensland,,AU-QLD,,18/3/20,-6,26,-14,-15,3,4
AU,Australia,Queensland,,AU-QLD,,19/3/20,-9,21,-7,-18,1,3
AU,Australia,Queensland,,AU-QLD,,20/3/20,-11,15,-9,-19,4,4
AU,Australia,Queensland,,AU-QLD,,21/3/20,-15,8,-6,-25,-5,6
AU,Australia,Queensland,,AU-QLD,,22/3/20,-18,1,-10,-30,-11,5
AU,Australia,Queensland,,AU-QLD,,23/3/20,-15,19,-30,-30,0,6
AU,Australia,Queensland,,AU-QLD,,24/3/20,-23,11,-26,-36,-10,9
AU,Australia,Queensland,,AU-QLD,,25/3/20,-24,8,-23,-40,-15,10
AU,Australia,Queensland,,AU-QLD,,26/3/20,-28,7,-17,-46,-21,12
AU,Australia,Queensland,,AU-QLD,,27/3/20,-30,3,-35,-50,-18,13
AU,Australia,Queensland,,AU-QLD,,28/3/20,-34,-3,-35,-49,-26,13
AU,Australia,Queensland,,AU-QLD,,29/3/20,-40,-19,-33,-57,-30,12
AU,Australia,Queensland,,AU-QLD,,30/3/20,-35,-11,-34,-55,-25,13
AU,Australia,Queensland,,AU-QLD,,31/3/20,-34,-9,-28,-56,-30,14
AU,Australia,Queensland,,AU-QLD,,1/4/20,-34,-9,-29,-56,-32,16
AU,Australia,Queensland,,AU-QLD,,2/4/20,-35,-8,-27,-58,-33,15
AU,Australia,Queensland,,AU-QLD,,3/4/20,-35,-7,-33,-58,-29,16
AU,Australia,Queensland,,AU-QLD,,4/4/20,-38,-11,-44,-59,-31,15
AU,Australia,Queensland,,AU-QLD,,5/4/20,-37,-17,-35,-60,-33,12
AU,Australia,Queensland,,AU-QLD,,6/4/20,-31,-8,-33,-58,-33,15
AU,Australia,Queensland,,AU-QLD,,7/4/20,-31,-5,-27,-57,-37,15
AU,Australia,Queensland,,AU-QLD,,8/4/20,-30,-3,-35,-57,-37,16
AU,Australia,Queensland,,AU-QLD,,9/4/20,-21,21,-32,-56,-39,14
AU,Australia,Queensland,,AU-QLD,,10/4/20,-78,-58,-46,-77,-81,31
AU,Australia,Queensland,,AU-QLD,,11/4/20,-34,0,-50,-62,-39,15
AU,Australia,Queensland,,AU-QLD,,12/4/20,-51,-40,-47,-64,-39,13
AU,Australia,Queensland,,AU-QLD,,13/4/20,-46,-27,-29,-73,-77,25
AU,Australia,Queensland,,AU-QLD,,14/4/20,-31,-2,-29,-58,-38,16
AU,Australia,Queensland,,AU-QLD,,15/4/20,-33,-8,-29,-57,-38,17
AU,Australia,Queensland,,AU-QLD,,16/4/20,-34,-5,-23,-58,-38,16
AU,Australia,Queensland,,AU-QLD,,17/4/20,-33,-6,-31,-59,-35,17
AU,Australia,Queensland,,AU-QLD,,18/4/20,-40,-12,-50,-57,-30,14
AU,Australia,Queensland,,AU-QLD,,19/4/20,-41,-18,-43,-60,-32,12
AU,Australia,Queensland,,AU-QLD,,20/4/20,-36,-12,-34,-57,-27,14
AU,Australia,Queensland,,AU-QLD,,21/4/20,-35,-10,-25,-56,-29,14
AU,Australia,Queensland,,AU-QLD,,22/4/20,-36,-11,-26,-55,-30,15
AU,Australia,Queensland,,AU-QLD,,23/4/20,-36,-7,-24,-56,-30,15
AU,Australia,Queensland,,AU-QLD,,24/4/20,-31,-1,-31,-55,-27,14
AU,Australia,Queensland,,AU-QLD,,25/4/20,-62,-54,-31,-58,-49,16
AU,Australia,Queensland,,AU-QLD,,26/4/20,-23,9,-34,-55,-28,10
AU,Australia,Queensland,,AU-QLD,,27/4/20,-31,-6,-33,-56,-25,13
AU,Australia,Queensland,,AU-QLD,,28/4/20,-32,-7,-33,-55,-27,13
AU,Australia,Queensland,,AU-QLD,,29/4/20,-33,-10,-26,-53,-29,7
AU,Australia,Queensland,,AU-QLD,,30/4/20,-34,-5,-24,-56,-29,14
AU,Australia,Queensland,,AU-QLD,,1/5/20,-29,-3,-29,-54,-25,14
AU,Australia,Queensland,,AU-QLD,,2/5/20,-25,3,-19,-49,-25,11
AU,Australia,Queensland,,AU-QLD,,3/5/20,-23,0,-7,-52,-27,8
AU,Australia,Queensland,,AU-QLD,,4/5/20,-54,-47,20,-66,-76,23
AU,Australia,Queensland,,AU-QLD,,5/5/20,-21,17,-24,-53,-25,12
AU,Australia,Queensland,,AU-QLD,,6/5/20,-28,-1,-25,-52,-26,14
AU,Australia,Queensland,,AU-QLD,,7/5/20,-27,1,-20,-52,-26,13
AU,Australia,Queensland,,AU-QLD,,8/5/20,-24,4,-18,-51,-22,13
AU,Australia,Queensland,,AU-QLD,,9/5/20,-17,17,-14,-44,-21,9
AU,Australia,Queensland,,AU-QLD,,10/5/20,-22,-1,0,-47,-20,6
AU,Australia,Queensland,,AU-QLD,,11/5/20,-26,-5,-24,-50,-18,11
AU,Australia,Queensland,,AU-QLD,,12/5/20,-26,-2,-19,-50,-21,12
AU,Australia,Queensland,,AU-QLD,,13/5/20,-27,-3,-19,-48,-22,12
AU,Australia,Queensland,,AU-QLD,,14/5/20,-27,-2,-16,-50,-22,11
AU,Australia,Queensland,,AU-QLD,,15/5/20,-25,2,-14,-49,-21,12
AU,Australia,Queensland,,AU-QLD,,16/5/20,-21,5,-10,-43,-20,8
AU,Australia,Queensland,,AU-QLD,,17/5/20,-21,0,-1,-49,-22,7
AU,Australia,Queensland,,AU-QLD,,18/5/20,-22,-2,-29,-50,-17,11
AU,Australia,Queensland,,AU-QLD,,19/5/20,-23,-1,-18,-49,-19,11
AU,Australia,Queensland,,AU-QLD,,20/5/20,-23,-2,-28,-49,-21,12
AU,Australia,Queensland,,AU-QLD,,21/5/20,-23,-1,-31,-51,-21,12
AU,Australia,Queensland,,AU-QLD,,22/5/20,-21,3,-23,-48,-17,11
AU,Australia,Queensland,,AU-QLD,,23/5/20,-18,7,-34,-47,-18,9
AU,Australia,Queensland,,AU-QLD,,24/5/20,-17,4,1,-48,-19,7
AU,Australia,Queensland,,AU-QLD,,25/5/20,-18,0,-14,-45,-12,9
AU,Australia,Queensland,,AU-QLD,,26/5/20,-20,0,-4,-44,-13,9
AU,Australia,Queensland,,AU-QLD,,27/5/20,-20,-1,-7,-42,-15,10
AU,Australia,Queensland,,AU-QLD,,28/5/20,-21,0,-5,-44,-16,9
AU,Australia,Queensland,,AU-QLD,,29/5/20,-19,4,-10,-43,-12,9
AU,Australia,Queensland,,AU-QLD,,30/5/20,-17,6,2,-39,-14,7
AU,Australia,Queensland,,AU-QLD,,31/5/20,-18,1,1,-47,-17,7
AU,Australia,Queensland,,AU-QLD,,1/6/20,-18,-1,-17,-45,-9,8
AU,Australia,Queensland,,AU-QLD,,2/6/20,-19,0,-11,-44,-12,9
AU,Australia,Queensland,,AU-QLD,,3/6/20,-18,0,-8,-41,-14,9
AU,Australia,Queensland,,AU-QLD,,4/6/20,-18,1,-11,-44,-14,9
AU,Australia,Queensland,,AU-QLD,,5/6/20,-16,4,-12,-42,-10,8
AU,Australia,Queensland,,AU-QLD,,6/6/20,-12,5,6,-33,-13,6
AU,Australia,Queensland,,AU-QLD,,7/6/20,-15,1,3,-45,-16,6
AU,Australia,Queensland,,AU-QLD,,8/6/20,-15,-1,-17,-44,-9,8
AU,Australia,Queensland,,AU-QLD,,9/6/20,-17,-1,-13,-42,-11,8
AU,Australia,Queensland,,AU-QLD,,10/6/20,-17,-2,-30,-44,-13,10
AU,Australia,Queensland,,AU-QLD,,11/6/20,-16,0,-7,-41,-13,8
AU,Australia,Queensland,,AU-QLD,,12/6/20,-14,2,-4,-38,-11,7
AU,Australia,South Australia,,AU-SA,,15/2/20,6,2,5,4,2,0
AU,Australia,South Australia,,AU-SA,,16/2/20,1,2,15,1,-2,0
AU,Australia,South Australia,,AU-SA,,17/2/20,-1,0,-3,10,17,-2
AU,Australia,South Australia,,AU-SA,,18/2/20,-2,-1,-13,7,13,-1
AU,Australia,South Australia,,AU-SA,,19/2/20,0,0,2,6,13,-1
AU,Australia,South Australia,,AU-SA,,20/2/20,4,2,8,10,11,-1
AU,Australia,South Australia,,AU-SA,,21/2/20,5,2,9,19,15,-3
AU,Australia,South Australia,,AU-SA,,22/2/20,8,1,23,15,2,-1
AU,Australia,South Australia,,AU-SA,,23/2/20,2,2,27,9,-2,-1
AU,Australia,South Australia,,AU-SA,,24/2/20,-1,2,-5,14,16,-1
AU,Australia,South Australia,,AU-SA,,25/2/20,0,2,-1,10,14,-1
AU,Australia,South Australia,,AU-SA,,26/2/20,4,0,2,20,13,-2
AU,Australia,South Australia,,AU-SA,,27/2/20,4,3,5,13,12,-1
AU,Australia,South Australia,,AU-SA,,28/2/20,5,3,10,18,17,-3
AU,Australia,South Australia,,AU-SA,,29/2/20,9,2,29,23,4,-1
AU,Australia,South Australia,,AU-SA,,1/3/20,2,4,5,5,-1,0
AU,Australia,South Australia,,AU-SA,,2/3/20,1,5,-12,16,19,-2
AU,Australia,South Australia,,AU-SA,,3/3/20,0,4,-13,12,15,-1
AU,Australia,South Australia,,AU-SA,,4/3/20,1,8,0,13,14,-1
AU,Australia,South Australia,,AU-SA,,5/3/20,6,12,5,17,13,-2
AU,Australia,South Australia,,AU-SA,,6/3/20,7,11,13,20,13,-3
AU,Australia,South Australia,,AU-SA,,7/3/20,8,11,18,13,1,-1
AU,Australia,South Australia,,AU-SA,,8/3/20,12,11,44,6,-2,-2
AU,Australia,South Australia,,AU-SA,,9/3/20,-25,-19,54,-24,-67,12
AU,Australia,South Australia,,AU-SA,,10/3/20,5,18,-2,16,13,-2
AU,Australia,South Australia,,AU-SA,,11/3/20,-1,7,6,14,14,-1
AU,Australia,South Australia,,AU-SA,,12/3/20,3,9,8,21,12,-1
AU,Australia,South Australia,,AU-SA,,13/3/20,4,12,-2,20,17,-2
AU,Australia,South Australia,,AU-SA,,14/3/20,6,18,-3,12,4,1
AU,Australia,South Australia,,AU-SA,,15/3/20,2,21,9,0,0,1
AU,Australia,South Australia,,AU-SA,,16/3/20,0,35,-12,10,16,0
AU,Australia,South Australia,,AU-SA,,17/3/20,-4,40,-19,1,9,2
AU,Australia,South Australia,,AU-SA,,18/3/20,-7,38,-11,-5,6,3
AU,Australia,South Australia,,AU-SA,,19/3/20,-7,31,-14,-8,3,4
AU,Australia,South Australia,,AU-SA,,20/3/20,-10,22,-21,-9,6,4
AU,Australia,South Australia,,AU-SA,,21/3/20,-15,14,-18,-19,-3,6
AU,Australia,South Australia,,AU-SA,,22/3/20,-19,10,-15,-27,-8,6
AU,Australia,South Australia,,AU-SA,,23/3/20,-17,26,-28,-22,2,6
AU,Australia,South Australia,,AU-SA,,24/3/20,-26,16,-33,-33,-9,9
AU,Australia,South Australia,,AU-SA,,25/3/20,-27,13,-26,-39,-12,11
AU,Australia,South Australia,,AU-SA,,26/3/20,-29,10,-18,-42,-17,12
AU,Australia,South Australia,,AU-SA,,27/3/20,-33,7,-26,-43,-15,13
AU,Australia,South Australia,,AU-SA,,28/3/20,-39,-3,-33,-47,-24,14
AU,Australia,South Australia,,AU-SA,,29/3/20,-43,-15,-33,-55,-28,12
AU,Australia,South Australia,,AU-SA,,30/3/20,-38,-6,-36,-49,-20,13
AU,Australia,South Australia,,AU-SA,,31/3/20,-36,-5,-32,-50,-25,14
AU,Australia,South Australia,,AU-SA,,1/4/20,-36,-5,-37,-51,-26,15
AU,Australia,South Australia,,AU-SA,,2/4/20,-34,-2,-20,-50,-28,15
AU,Australia,South Australia,,AU-SA,,3/4/20,-37,-2,-44,-53,-25,16
AU,Australia,South Australia,,AU-SA,,4/4/20,-39,-5,-60,-56,-28,16
AU,Australia,South Australia,,AU-SA,,5/4/20,-40,-13,-48,-59,-30,12
AU,Australia,South Australia,,AU-SA,,6/4/20,-33,-4,-31,-51,-25,13
AU,Australia,South Australia,,AU-SA,,7/4/20,-33,1,-35,-51,-29,15
AU,Australia,South Australia,,AU-SA,,8/4/20,-29,7,-24,-51,-28,14
AU,Australia,South Australia,,AU-SA,,9/4/20,-19,28,-20,-48,-31,14
AU,Australia,South Australia,,AU-SA,,10/4/20,-79,-59,-28,-68,-78,29
AU,Australia,South Australia,,AU-SA,,11/4/20,-33,9,-48,-52,-35,15
AU,Australia,South Australia,,AU-SA,,12/4/20,-64,-38,-35,-56,-37,12
AU,Australia,South Australia,,AU-SA,,13/4/20,-50,-31,-2,-65,-74,24
AU,Australia,South Australia,,AU-SA,,14/4/20,-30,4,-24,-51,-34,15
AU,Australia,South Australia,,AU-SA,,15/4/20,-33,-2,-21,-52,-33,16
AU,Australia,South Australia,,AU-SA,,16/4/20,-32,0,-24,-51,-34,16
AU,Australia,South Australia,,AU-SA,,17/4/20,-33,0,-32,-51,-31,16
AU,Australia,South Australia,,AU-SA,,18/4/20,-36,-5,-42,-49,-26,14
AU,Australia,South Australia,,AU-SA,,19/4/20,-40,-17,-32,-55,-27,11
AU,Australia,South Australia,,AU-SA,,20/4/20,-34,-10,-30,-50,-29,14
AU,Australia,South Australia,,AU-SA,,21/4/20,-33,-7,-22,-48,-31,15
AU,Australia,South Australia,,AU-SA,,22/4/20,-32,-7,-10,-48,-31,14
AU,Australia,South Australia,,AU-SA,,23/4/20,-35,-6,-46,-55,-32,17
AU,Australia,South Australia,,AU-SA,,24/4/20,-29,3,-19,-46,-28,15
AU,Australia,South Australia,,AU-SA,,25/4/20,-46,-22,-37,-50,-38,15
AU,Australia,South Australia,,AU-SA,,26/4/20,-30,-1,-25,-48,-26,10
AU,Australia,South Australia,,AU-SA,,27/4/20,-30,-5,-23,-45,-19,12
AU,Australia,South Australia,,AU-SA,,28/4/20,-31,-4,-44,-46,-22,11
AU,Australia,South Australia,,AU-SA,,29/4/20,-33,-6,-50,-51,-23,8
AU,Australia,South Australia,,AU-SA,,30/4/20,-31,-1,-51,-50,-23,15
AU,Australia,South Australia,,AU-SA,,1/5/20,-31,1,-54,-49,-20,14
AU,Australia,South Australia,,AU-SA,,2/5/20,-27,4,-50,-44,-24,13
AU,Australia,South Australia,,AU-SA,,3/5/20,-31,-7,-22,-48,-24,9
AU,Australia,South Australia,,AU-SA,,4/5/20,-27,-2,-24,-41,-14,10
AU,Australia,South Australia,,AU-SA,,5/5/20,-27,-2,-20,-41,-17,11
AU,Australia,South Australia,,AU-SA,,6/5/20,-27,1,-17,-41,-17,11
AU,Australia,South Australia,,AU-SA,,7/5/20,-24,7,-23,-42,-18,12
AU,Australia,South Australia,,AU-SA,,8/5/20,-23,8,-33,-40,-15,12
AU,Australia,South Australia,,AU-SA,,9/5/20,-18,21,-46,-41,-21,11
AU,Australia,South Australia,,AU-SA,,10/5/20,-27,-3,-22,-41,-19,6
AU,Australia,South Australia,,AU-SA,,11/5/20,-25,3,-21,-38,-12,10
AU,Australia,South Australia,,AU-SA,,12/5/20,-25,-1,-28,-39,-14,11
AU,Australia,South Australia,,AU-SA,,13/5/20,-25,1,-25,-40,-14,11
AU,Australia,South Australia,,AU-SA,,14/5/20,-22,1,-17,-37,-16,10
AU,Australia,South Australia,,AU-SA,,15/5/20,-22,5,-14,-35,-13,9
AU,Australia,South Australia,,AU-SA,,16/5/20,-19,7,-7,-32,-19,8
AU,Australia,South Australia,,AU-SA,,17/5/20,-20,2,12,-38,-21,6
AU,Australia,South Australia,,AU-SA,,18/5/20,-22,7,-11,-34,-9,8
AU,Australia,South Australia,,AU-SA,,19/5/20,-24,0,-26,-39,-12,10
AU,Australia,South Australia,,AU-SA,,20/5/20,-26,0,-41,-41,-13,11
AU,Australia,South Australia,,AU-SA,,21/5/20,-20,4,-24,-37,-14,10
AU,Australia,South Australia,,AU-SA,,22/5/20,-22,7,-43,-40,-11,10
AU,Australia,South Australia,,AU-SA,,23/5/20,-18,11,-35,-32,-17,9
AU,Australia,South Australia,,AU-SA,,24/5/20,-21,1,-18,-41,-20,7
AU,Australia,South Australia,,AU-SA,,25/5/20,-20,7,-21,-37,-9,8
AU,Australia,South Australia,,AU-SA,,26/5/20,-21,0,-27,-36,-10,9
AU,Australia,South Australia,,AU-SA,,27/5/20,-21,3,-23,-37,-10,9
AU,Australia,South Australia,,AU-SA,,28/5/20,-17,4,-13,-35,-11,9
AU,Australia,South Australia,,AU-SA,,29/5/20,-17,7,-7,-30,-8,8
AU,Australia,South Australia,,AU-SA,,30/5/20,-18,10,-39,-33,-16,9
AU,Australia,South Australia,,AU-SA,,31/5/20,-21,4,-36,-44,-18,7
AU,Australia,South Australia,,AU-SA,,1/6/20,-18,7,-38,-35,-5,8
AU,Australia,South Australia,,AU-SA,,2/6/20,-19,0,-36,-36,-8,9
AU,Australia,South Australia,,AU-SA,,3/6/20,-17,3,-20,-34,-9,8
AU,Australia,South Australia,,AU-SA,,4/6/20,-13,5,-9,-31,-10,8
AU,Australia,South Australia,,AU-SA,,5/6/20,-11,9,-10,-29,-10,6
AU,Australia,South Australia,,AU-SA,,6/6/20,-11,8,-4,-25,-14,5
AU,Australia,South Australia,,AU-SA,,7/6/20,-11,4,3,-36,-17,3
AU,Australia,South Australia,,AU-SA,,8/6/20,-29,-26,33,-52,-70,15
AU,Australia,South Australia,,AU-SA,,9/6/20,-13,9,-27,-32,-9,7
AU,Australia,South Australia,,AU-SA,,10/6/20,-15,3,-16,-31,-7,8
AU,Australia,South Australia,,AU-SA,,11/6/20,-12,3,-13,-31,-9,8
AU,Australia,South Australia,,AU-SA,,12/6/20,-11,6,-16,-27,-5,7
AU,Australia,Tasmania,,AU-TAS,,15/2/20,2,-1,-14,-4,0,1
AU,Australia,Tasmania,,AU-TAS,,16/2/20,1,2,-7,1,1,1
AU,Australia,Tasmania,,AU-TAS,,17/2/20,-3,0,-17,12,19,-2
AU,Australia,Tasmania,,AU-TAS,,18/2/20,-3,-2,-9,4,15,-1
AU,Australia,Tasmania,,AU-TAS,,19/2/20,-3,-2,-17,0,15,0
AU,Australia,Tasmania,,AU-TAS,,20/2/20,1,0,10,8,18,-1
AU,Australia,Tasmania,,AU-TAS,,21/2/20,1,0,-3,6,16,-1
AU,Australia,Tasmania,,AU-TAS,,22/2/20,2,-1,4,3,0,0
AU,Australia,Tasmania,,AU-TAS,,23/2/20,0,1,-9,2,-1,0
AU,Australia,Tasmania,,AU-TAS,,24/2/20,-5,-2,-20,14,19,-1
AU,Australia,Tasmania,,AU-TAS,,25/2/20,-3,-1,-1,4,16,-1
AU,Australia,Tasmania,,AU-TAS,,26/2/20,-3,-4,-19,0,10,1
AU,Australia,Tasmania,,AU-TAS,,27/2/20,-2,-2,-6,9,18,0
AU,Australia,Tasmania,,AU-TAS,,28/2/20,0,0,-5,5,17,-1
AU,Australia,Tasmania,,AU-TAS,,29/2/20,3,-3,-5,1,2,0
AU,Australia,Tasmania,,AU-TAS,,1/3/20,-4,-2,-13,4,0,2
AU,Australia,Tasmania,,AU-TAS,,2/3/20,-4,0,-27,7,20,-1
AU,Australia,Tasmania,,AU-TAS,,3/3/20,-3,1,-6,5,16,-1
AU,Australia,Tasmania,,AU-TAS,,4/3/20,0,6,-5,8,18,-2
AU,Australia,Tasmania,,AU-TAS,,5/3/20,-8,-3,-35,-1,15,2
AU,Australia,Tasmania,,AU-TAS,,6/3/20,0,4,-3,9,17,-2
AU,Australia,Tasmania,,AU-TAS,,7/3/20,-2,-2,-11,-3,-3,0
AU,Australia,Tasmania,,AU-TAS,,8/3/20,-4,-5,-4,-12,-2,1
AU,Australia,Tasmania,,AU-TAS,,9/3/20,-18,-10,-3,-18,-60,9
AU,Australia,Tasmania,,AU-TAS,,10/3/20,-5,2,-7,2,12,-1
AU,Australia,Tasmania,,AU-TAS,,11/3/20,-4,0,-3,5,17,-1
AU,Australia,Tasmania,,AU-TAS,,12/3/20,-4,2,5,9,18,-1
AU,Australia,Tasmania,,AU-TAS,,13/3/20,-6,0,-30,0,17,1
AU,Australia,Tasmania,,AU-TAS,,14/3/20,-3,2,-21,1,3,2
AU,Australia,Tasmania,,AU-TAS,,15/3/20,-7,5,-22,-3,1,3
AU,Australia,Tasmania,,AU-TAS,,16/3/20,-9,13,-26,1,18,0
AU,Australia,Tasmania,,AU-TAS,,17/3/20,-9,14,-14,-6,12,1
AU,Australia,Tasmania,,AU-TAS,,18/3/20,-13,12,-24,-9,9,3
AU,Australia,Tasmania,,AU-TAS,,19/3/20,-15,10,-20,-14,10,4
AU,Australia,Tasmania,,AU-TAS,,20/3/20,-17,3,-30,-17,8,5
AU,Australia,Tasmania,,AU-TAS,,21/3/20,-18,-11,-33,-27,-5,7
AU,Australia,Tasmania,,AU-TAS,,22/3/20,-27,-11,-41,-35,-9,7
AU,Australia,Tasmania,,AU-TAS,,23/3/20,-24,0,-44,-28,5,5
AU,Australia,Tasmania,,AU-TAS,,24/3/20,-31,-6,-36,-33,-3,7
AU,Australia,Tasmania,,AU-TAS,,25/3/20,-30,-5,-43,-36,-6,9
AU,Australia,Tasmania,,AU-TAS,,26/3/20,-34,-10,-35,-43,-9,11
AU,Australia,Tasmania,,AU-TAS,,27/3/20,-37,-11,-46,-44,-12,12
AU,Australia,Tasmania,,AU-TAS,,28/3/20,-42,-25,-51,-51,-24,12
AU,Australia,Tasmania,,AU-TAS,,29/3/20,-50,-30,-70,-62,-28,13
AU,Australia,Tasmania,,AU-TAS,,30/3/20,-39,-14,-66,-52,-17,11
AU,Australia,Tasmania,,AU-TAS,,31/3/20,-50,-25,-63,-57,-24,14
AU,Australia,Tasmania,,AU-TAS,,1/4/20,-46,-23,-58,-56,-25,15
AU,Australia,Tasmania,,AU-TAS,,2/4/20,-52,-29,-72,-66,-27,18
AU,Australia,Tasmania,,AU-TAS,,3/4/20,-45,-20,-61,-60,-25,17
AU,Australia,Tasmania,,AU-TAS,,4/4/20,-52,-33,-79,-70,-34,18
AU,Australia,Tasmania,,AU-TAS,,5/4/20,-52,-31,-76,-70,-33,15
AU,Australia,Tasmania,,AU-TAS,,6/4/20,-46,-24,-68,-59,-24,14
AU,Australia,Tasmania,,AU-TAS,,7/4/20,-45,-21,-62,-56,-28,15
AU,Australia,Tasmania,,AU-TAS,,8/4/20,-41,-15,-60,-56,-27,14
AU,Australia,Tasmania,,AU-TAS,,9/4/20,-34,1,-52,-55,-27,14
AU,Australia,Tasmania,,AU-TAS,,10/4/20,-86,-71,-73,-78,-78,31
AU,Australia,Tasmania,,AU-TAS,,11/4/20,-49,-22,-78,-71,-38,18
AU,Australia,Tasmania,,AU-TAS,,12/4/20,-61,-46,-77,-70,-36,16
AU,Australia,Tasmania,,AU-TAS,,13/4/20,-63,-41,-71,-72,-73,25
AU,Australia,Tasmania,,AU-TAS,,14/4/20,-51,-25,-61,-59,-42,18
AU,Australia,Tasmania,,AU-TAS,,15/4/20,-51,-27,-71,-63,-36,18
AU,Australia,Tasmania,,AU-TAS,,16/4/20,-50,-24,-60,-60,-35,18
AU,Australia,Tasmania,,AU-TAS,,17/4/20,-51,-24,-69,-65,-34,20
AU,Australia,Tasmania,,AU-TAS,,18/4/20,-53,-30,-71,-66,-33,17
AU,Australia,Tasmania,,AU-TAS,,19/4/20,-56,-30,-69,-67,-32,15
AU,Australia,Tasmania,,AU-TAS,,20/4/20,-52,-24,-75,-64,-31,16
AU,Australia,Tasmania,,AU-TAS,,21/4/20,-50,-21,-65,-60,-32,16
AU,Australia,Tasmania,,AU-TAS,,22/4/20,-47,-19,-62,-58,-32,16
AU,Australia,Tasmania,,AU-TAS,,23/4/20,-47,-19,-57,-59,-30,16
AU,Australia,Tasmania,,AU-TAS,,24/4/20,-46,-15,-63,-61,-31,18
AU,Australia,Tasmania,,AU-TAS,,25/4/20,-56,-35,-70,-65,-40,17
AU,Australia,Tasmania,,AU-TAS,,26/4/20,-48,-20,-73,-69,-31,14
AU,Australia,Tasmania,,AU-TAS,,27/4/20,-48,-19,-69,-58,-27,14
AU,Australia,Tasmania,,AU-TAS,,28/4/20,-47,-19,-60,-55,-27,13
AU,Australia,Tasmania,,AU-TAS,,29/4/20,-47,-20,-66,-58,-28,9
AU,Australia,Tasmania,,AU-TAS,,30/4/20,-46,-17,-60,-59,-26,16
AU,Australia,Tasmania,,AU-TAS,,1/5/20,-44,-14,-63,-58,-25,17
AU,Australia,Tasmania,,AU-TAS,,2/5/20,-47,-25,-77,-67,-32,16
AU,Australia,Tasmania,,AU-TAS,,3/5/20,-48,-22,-70,-64,-28,14
AU,Australia,Tasmania,,AU-TAS,,4/5/20,-40,-18,-64,-55,-21,12
AU,Australia,Tasmania,,AU-TAS,,5/5/20,-42,-18,-57,-54,-23,13
AU,Australia,Tasmania,,AU-TAS,,6/5/20,-40,-15,-59,-55,-23,14
AU,Australia,Tasmania,,AU-TAS,,7/5/20,-40,-14,-54,-54,-22,15
AU,Australia,Tasmania,,AU-TAS,,8/5/20,-38,-9,-59,-54,-22,16
AU,Australia,Tasmania,,AU-TAS,,9/5/20,-34,-7,-74,-63,-28,14
AU,Australia,Tasmania,,AU-TAS,,10/5/20,-39,-16,-66,-57,-23,11
AU,Australia,Tasmania,,AU-TAS,,11/5/20,-42,-18,-66,-55,-19,12
AU,Australia,Tasmania,,AU-TAS,,12/5/20,-43,-17,-67,-56,-23,14
AU,Australia,Tasmania,,AU-TAS,,13/5/20,-39,-14,-59,-53,-21,14
AU,Australia,Tasmania,,AU-TAS,,14/5/20,-38,-14,-50,-54,-19,13
AU,Australia,Tasmania,,AU-TAS,,15/5/20,-37,-12,-53,-54,-20,14
AU,Australia,Tasmania,,AU-TAS,,16/5/20,-34,-18,-55,-56,-24,12
AU,Australia,Tasmania,,AU-TAS,,17/5/20,-39,-18,-59,-61,-24,11
AU,Australia,Tasmania,,AU-TAS,,18/5/20,-35,-15,-60,-52,-16,11
AU,Australia,Tasmania,,AU-TAS,,19/5/20,-36,-15,-55,-53,-18,12
AU,Australia,Tasmania,,AU-TAS,,20/5/20,-35,-16,-61,-54,-19,13
AU,Australia,Tasmania,,AU-TAS,,21/5/20,-33,-13,-46,-53,-18,13
AU,Australia,Tasmania,,AU-TAS,,22/5/20,-32,-11,-49,-51,-17,13
AU,Australia,Tasmania,,AU-TAS,,23/5/20,-27,-15,-54,-52,-22,10
AU,Australia,Tasmania,,AU-TAS,,24/5/20,-34,-15,-60,-59,-24,10
AU,Australia,Tasmania,,AU-TAS,,25/5/20,-32,-13,-61,-45,-12,10
AU,Australia,Tasmania,,AU-TAS,,26/5/20,-33,-15,-56,-47,-13,10
AU,Australia,Tasmania,,AU-TAS,,27/5/20,-30,-13,-54,-46,-12,11
AU,Australia,Tasmania,,AU-TAS,,28/5/20,-30,-12,-47,-45,-11,11
AU,Australia,Tasmania,,AU-TAS,,29/5/20,-30,-9,-54,-47,-11,12
AU,Australia,Tasmania,,AU-TAS,,30/5/20,-25,-15,-53,-49,-20,10
AU,Australia,Tasmania,,AU-TAS,,31/5/20,-32,-15,-62,-57,-21,10
AU,Australia,Tasmania,,AU-TAS,,1/6/20,-32,-14,-64,-46,-8,9
AU,Australia,Tasmania,,AU-TAS,,2/6/20,-32,-13,-56,-46,-11,10
AU,Australia,Tasmania,,AU-TAS,,3/6/20,-29,-12,-55,-44,-10,10
AU,Australia,Tasmania,,AU-TAS,,4/6/20,-27,-10,-46,-45,-9,10
AU,Australia,Tasmania,,AU-TAS,,5/6/20,-26,-8,-57,-48,-10,10
AU,Australia,Tasmania,,AU-TAS,,6/6/20,-21,-13,-41,-51,-18,7
AU,Australia,Tasmania,,AU-TAS,,7/6/20,-25,-19,-38,-55,-20,7
AU,Australia,Tasmania,,AU-TAS,,8/6/20,-34,-18,-37,-59,-66,16
AU,Australia,Tasmania,,AU-TAS,,9/6/20,-26,-10,-55,-41,-9,8
AU,Australia,Tasmania,,AU-TAS,,10/6/20,-26,-13,-53,-44,-7,9
AU,Australia,Tasmania,,AU-TAS,,11/6/20,-26,-9,-51,-44,-7,9
AU,Australia,Tasmania,,AU-TAS,,12/6/20,-26,-9,-62,-47,-7,10
AU,Australia,Victoria,,AU-VIC,,15/2/20,3,3,-22,1,3,1
AU,Australia,Victoria,,AU-VIC,,16/2/20,3,4,2,0,-2,0
AU,Australia,Victoria,,AU-VIC,,17/2/20,-1,1,26,11,18,-3
AU,Australia,Victoria,,AU-VIC,,18/2/20,-6,-6,-27,5,13,0
AU,Australia,Victoria,,AU-VIC,,19/2/20,-2,-2,-17,6,13,-1
AU,Australia,Victoria,,AU-VIC,,20/2/20,-1,0,-2,9,14,-2
AU,Australia,Victoria,,AU-VIC,,21/2/20,8,2,-4,13,15,-3
AU,Australia,Victoria,,AU-VIC,,22/2/20,7,4,23,18,4,-1
AU,Australia,Victoria,,AU-VIC,,23/2/20,4,4,19,8,-3,-1
AU,Australia,Victoria,,AU-VIC,,24/2/20,-1,2,9,10,17,-2
AU,Australia,Victoria,,AU-VIC,,25/2/20,-2,-2,-9,10,14,-1
AU,Australia,Victoria,,AU-VIC,,26/2/20,0,2,-2,10,14,-2
AU,Australia,Victoria,,AU-VIC,,27/2/20,0,1,0,12,15,-2
AU,Australia,Victoria,,AU-VIC,,28/2/20,9,4,-2,16,16,-3
AU,Australia,Victoria,,AU-VIC,,29/2/20,7,6,22,16,5,-1
AU,Australia,Victoria,,AU-VIC,,1/3/20,4,7,8,6,-2,0
AU,Australia,Victoria,,AU-VIC,,2/3/20,0,6,8,14,19,-2
AU,Australia,Victoria,,AU-VIC,,3/3/20,0,7,-5,11,15,-2
AU,Australia,Victoria,,AU-VIC,,4/3/20,2,15,-11,11,14,-2
AU,Australia,Victoria,,AU-VIC,,5/3/20,-2,11,-28,10,13,0
AU,Australia,Victoria,,AU-VIC,,6/3/20,8,16,-6,12,13,-3
AU,Australia,Victoria,,AU-VIC,,7/3/20,3,14,18,10,0,-1
AU,Australia,Victoria,,AU-VIC,,8/3/20,4,8,28,12,-5,-2
AU,Australia,Victoria,,AU-VIC,,9/3/20,3,6,88,-32,-65,11
AU,Australia,Victoria,,AU-VIC,,10/3/20,-1,11,0,9,12,-1
AU,Australia,Victoria,,AU-VIC,,11/3/20,-1,13,6,8,14,-1
AU,Australia,Victoria,,AU-VIC,,12/3/20,-1,15,8,10,13,-1
AU,Australia,Victoria,,AU-VIC,,13/3/20,2,22,-20,5,13,0
AU,Australia,Victoria,,AU-VIC,,14/3/20,1,30,-11,-2,4,3
AU,Australia,Victoria,,AU-VIC,,15/3/20,-2,32,-14,-12,-3,3
AU,Australia,Victoria,,AU-VIC,,16/3/20,0,45,9,-3,11,0
AU,Australia,Victoria,,AU-VIC,,17/3/20,-5,37,-10,-16,3,4
AU,Australia,Victoria,,AU-VIC,,18/3/20,-10,30,-17,-24,-1,6
AU,Australia,Victoria,,AU-VIC,,19/3/20,-15,21,-19,-28,-4,7
AU,Australia,Victoria,,AU-VIC,,20/3/20,-12,16,-24,-29,-4,7
AU,Australia,Victoria,,AU-VIC,,21/3/20,-19,7,-18,-31,-5,8
AU,Australia,Victoria,,AU-VIC,,22/3/20,-21,8,-36,-42,-14,8
AU,Australia,Victoria,,AU-VIC,,23/3/20,-19,14,-21,-43,-11,9
AU,Australia,Victoria,,AU-VIC,,24/3/20,-36,-6,-30,-56,-28,16
AU,Australia,Victoria,,AU-VIC,,25/3/20,-37,-4,-37,-60,-31,17
AU,Australia,Victoria,,AU-VIC,,26/3/20,-39,-5,-23,-63,-35,19
AU,Australia,Victoria,,AU-VIC,,27/3/20,-39,-6,-27,-62,-36,20
AU,Australia,Victoria,,AU-VIC,,28/3/20,-46,-14,-32,-59,-29,17
AU,Australia,Victoria,,AU-VIC,,29/3/20,-51,-26,-55,-68,-37,16
AU,Australia,Victoria,,AU-VIC,,30/3/20,-43,-16,-22,-66,-40,18
AU,Australia,Victoria,,AU-VIC,,31/3/20,-46,-20,-35,-69,-44,21
AU,Australia,Victoria,,AU-VIC,,1/4/20,-45,-18,-34,-69,-44,21
AU,Australia,Victoria,,AU-VIC,,2/4/20,-49,-21,-59,-72,-46,24
AU,Australia,Victoria,,AU-VIC,,3/4/20,-43,-12,-43,-69,-44,23
AU,Australia,Victoria,,AU-VIC,,4/4/20,-52,-22,-74,-70,-38,21
AU,Australia,Victoria,,AU-VIC,,5/4/20,-52,-26,-75,-74,-42,18
AU,Australia,Victoria,,AU-VIC,,6/4/20,-42,-16,-34,-69,-43,20
AU,Australia,Victoria,,AU-VIC,,7/4/20,-44,-17,-46,-70,-46,22
AU,Australia,Victoria,,AU-VIC,,8/4/20,-41,-11,-41,-69,-45,21
AU,Australia,Victoria,,AU-VIC,,9/4/20,-34,9,-32,-68,-46,21
AU,Australia,Victoria,,AU-VIC,,10/4/20,-79,-68,-41,-81,-84,36
AU,Australia,Victoria,,AU-VIC,,11/4/20,-46,-4,-73,-72,-45,22
AU,Australia,Victoria,,AU-VIC,,12/4/20,-59,-40,-62,-74,-47,18
AU,Australia,Victoria,,AU-VIC,,13/4/20,-48,-23,-8,-79,-80,29
AU,Australia,Victoria,,AU-VIC,,14/4/20,-42,-14,-42,-71,-47,22
AU,Australia,Victoria,,AU-VIC,,15/4/20,-43,-15,-40,-70,-45,22
AU,Australia,Victoria,,AU-VIC,,16/4/20,-45,-13,-42,-70,-44,23
AU,Australia,Victoria,,AU-VIC,,17/4/20,-41,-9,-47,-68,-43,23
AU,Australia,Victoria,,AU-VIC,,18/4/20,-47,-13,-54,-63,-33,19
AU,Australia,Victoria,,AU-VIC,,19/4/20,-49,-19,-44,-66,-37,16
AU,Australia,Victoria,,AU-VIC,,20/4/20,-46,-18,-36,-69,-41,20
AU,Australia,Victoria,,AU-VIC,,21/4/20,-44,-18,-39,-68,-42,21
AU,Australia,Victoria,,AU-VIC,,22/4/20,-44,-16,-40,-68,-42,21
AU,Australia,Victoria,,AU-VIC,,23/4/20,-45,-15,-43,-68,-42,22
AU,Australia,Victoria,,AU-VIC,,24/4/20,-39,-8,-34,-65,-41,21
AU,Australia,Victoria,,AU-VIC,,25/4/20,-49,-22,-41,-62,-44,20
AU,Australia,Victoria,,AU-VIC,,26/4/20,-45,-9,-63,-67,-37,16
AU,Australia,Victoria,,AU-VIC,,27/4/20,-41,-14,-21,-67,-41,19
AU,Australia,Victoria,,AU-VIC,,28/4/20,-42,-16,-39,-68,-42,19
AU,Australia,Victoria,,AU-VIC,,29/4/20,-47,-22,-68,-71,-42,16
AU,Australia,Victoria,,AU-VIC,,30/4/20,-44,-12,-56,-69,-42,22
AU,Australia,Victoria,,AU-VIC,,1/5/20,-42,-13,-66,-69,-41,23
AU,Australia,Victoria,,AU-VIC,,2/5/20,-42,-7,-67,-62,-32,19
AU,Australia,Victoria,,AU-VIC,,3/5/20,-42,-12,-50,-63,-34,15
AU,Australia,Victoria,,AU-VIC,,4/5/20,-41,-14,-39,-66,-38,18
AU,Australia,Victoria,,AU-VIC,,5/5/20,-39,-14,-26,-64,-39,19
AU,Australia,Victoria,,AU-VIC,,6/5/20,-39,-12,-37,-65,-39,20
AU,Australia,Victoria,,AU-VIC,,7/5/20,-40,-9,-37,-65,-39,20
AU,Australia,Victoria,,AU-VIC,,8/5/20,-33,-1,-33,-62,-38,20
AU,Australia,Victoria,,AU-VIC,,9/5/20,-36,4,-69,-61,-29,18
AU,Australia,Victoria,,AU-VIC,,10/5/20,-37,-11,-46,-61,-30,13
AU,Australia,Victoria,,AU-VIC,,11/5/20,-38,-12,-27,-65,-38,18
AU,Australia,Victoria,,AU-VIC,,12/5/20,-38,-10,-41,-65,-38,19
AU,Australia,Victoria,,AU-VIC,,13/5/20,-37,-9,-40,-64,-37,19
AU,Australia,Victoria,,AU-VIC,,14/5/20,-37,-8,-29,-63,-37,18
AU,Australia,Victoria,,AU-VIC,,15/5/20,-32,-2,-27,-60,-37,18
AU,Australia,Victoria,,AU-VIC,,16/5/20,-32,-1,-11,-47,-25,11
AU,Australia,Victoria,,AU-VIC,,17/5/20,-33,-8,-10,-54,-28,9
AU,Australia,Victoria,,AU-VIC,,18/5/20,-34,-8,-4,-61,-35,16
AU,Australia,Victoria,,AU-VIC,,19/5/20,-36,-9,-36,-63,-37,18
AU,Australia,Victoria,,AU-VIC,,20/5/20,-35,-6,-40,-63,-36,18
AU,Australia,Victoria,,AU-VIC,,21/5/20,-37,-7,-49,-64,-37,19
AU,Australia,Victoria,,AU-VIC,,22/5/20,-30,1,-38,-60,-35,18
AU,Australia,Victoria,,AU-VIC,,23/5/20,-31,3,-53,-51,-22,13
AU,Australia,Victoria,,AU-VIC,,24/5/20,-33,-7,-32,-54,-26,10
AU,Australia,Victoria,,AU-VIC,,25/5/20,-29,-4,-2,-59,-33,15
AU,Australia,Victoria,,AU-VIC,,26/5/20,-32,-6,-18,-58,-30,15
AU,Australia,Victoria,,AU-VIC,,27/5/20,-32,-4,-27,-58,-29,16
AU,Australia,Victoria,,AU-VIC,,28/5/20,-33,-4,-22,-58,-29,16
AU,Australia,Victoria,,AU-VIC,,29/5/20,-27,2,-19,-55,-28,15
AU,Australia,Victoria,,AU-VIC,,30/5/20,-26,4,-7,-43,-15,10
AU,Australia,Victoria,,AU-VIC,,31/5/20,-30,-4,-25,-53,-21,10
AU,Australia,Victoria,,AU-VIC,,1/6/20,-32,-13,-56,-61,-27,15
AU,Australia,Victoria,,AU-VIC,,2/6/20,-29,-5,-40,-58,-28,15
AU,Australia,Victoria,,AU-VIC,,3/6/20,-27,-4,-33,-57,-28,15
AU,Australia,Victoria,,AU-VIC,,4/6/20,-26,-3,-15,-55,-27,14
AU,Australia,Victoria,,AU-VIC,,5/6/20,-19,5,-18,-52,-28,13
AU,Australia,Victoria,,AU-VIC,,6/6/20,-22,2,-22,-40,-17,9
AU,Australia,Victoria,,AU-VIC,,7/6/20,-23,-7,-14,-50,-21,6
AU,Australia,Victoria,,AU-VIC,,8/6/20,-18,0,56,-67,-73,18
AU,Australia,Victoria,,AU-VIC,,9/6/20,-24,-1,-23,-55,-27,13
AU,Australia,Victoria,,AU-VIC,,10/6/20,-25,-4,-21,-54,-24,13
AU,Australia,Victoria,,AU-VIC,,11/6/20,-25,-3,-19,-53,-24,13
AU,Australia,Victoria,,AU-VIC,,12/6/20,-19,2,-21,-51,-24,12
AU,Australia,Western Australia,,AU-WA,,15/2/20,7,3,-1,12,2,0
AU,Australia,Western Australia,,AU-WA,,16/2/20,5,4,2,2,0,1
AU,Australia,Western Australia,,AU-WA,,17/2/20,-1,0,-7,8,17,-1
AU,Australia,Western Australia,,AU-WA,,18/2/20,-1,1,-2,8,16,-1
AU,Australia,Western Australia,,AU-WA,,19/2/20,-1,0,-3,7,15,-1
AU,Australia,Western Australia,,AU-WA,,20/2/20,0,0,-4,8,15,-1
AU,Australia,Western Australia,,AU-WA,,21/2/20,2,3,-4,8,16,-2
AU,Australia,Western Australia,,AU-WA,,22/2/20,5,5,1,6,3,0
AU,Australia,Western Australia,,AU-WA,,23/2/20,8,3,-2,11,1,0
AU,Australia,Western Australia,,AU-WA,,24/2/20,-2,0,-14,10,17,-1
AU,Australia,Western Australia,,AU-WA,,25/2/20,-2,-1,-11,12,17,-1
AU,Australia,Western Australia,,AU-WA,,26/2/20,-3,0,-20,9,16,-1
AU,Australia,Western Australia,,AU-WA,,27/2/20,-3,-3,-28,9,15,0
AU,Australia,Western Australia,,AU-WA,,28/2/20,0,5,-15,6,14,-1
AU,Australia,Western Australia,,AU-WA,,29/2/20,3,6,5,0,1,0
AU,Australia,Western Australia,,AU-WA,,1/3/20,8,7,18,10,-1,-1
AU,Australia,Western Australia,,AU-WA,,2/3/20,-5,3,31,-29,-62,12
AU,Australia,Western Australia,,AU-WA,,3/3/20,0,15,-5,9,17,-2
AU,Australia,Western Australia,,AU-WA,,4/3/20,-1,18,-6,7,17,-1
AU,Australia,Western Australia,,AU-WA,,5/3/20,0,14,-7,8,16,-1
AU,Australia,Western Australia,,AU-WA,,6/3/20,1,15,-8,5,18,-1
AU,Australia,Western Australia,,AU-WA,,7/3/20,4,14,3,-1,5,1
AU,Australia,Western Australia,,AU-WA,,8/3/20,4,9,3,-2,1,1
AU,Australia,Western Australia,,AU-WA,,9/3/20,-2,8,-9,5,18,-1
AU,Australia,Western Australia,,AU-WA,,10/3/20,-2,9,-1,9,17,-1
AU,Australia,Western Australia,,AU-WA,,11/3/20,-3,10,-4,5,16,-1
AU,Australia,Western Australia,,AU-WA,,12/3/20,0,13,-6,4,16,-1
AU,Australia,Western Australia,,AU-WA,,13/3/20,0,18,-8,1,17,-1
AU,Australia,Western Australia,,AU-WA,,14/3/20,1,23,-21,-13,3,3
AU,Australia,Western Australia,,AU-WA,,15/3/20,-1,27,-18,-15,1,3
AU,Australia,Western Australia,,AU-WA,,16/3/20,-2,34,-16,-5,15,1
AU,Australia,Western Australia,,AU-WA,,17/3/20,-5,38,-30,-10,11,2
AU,Australia,Western Australia,,AU-WA,,18/3/20,-5,41,-22,-14,9,3
AU,Australia,Western Australia,,AU-WA,,19/3/20,-7,28,-24,-14,7,4
AU,Australia,Western Australia,,AU-WA,,20/3/20,-10,25,-19,-21,5,5
AU,Australia,Western Australia,,AU-WA,,21/3/20,-15,16,-21,-29,-3,7
AU,Australia,Western Australia,,AU-WA,,22/3/20,-17,10,-20,-32,-9,7
AU,Australia,Western Australia,,AU-WA,,23/3/20,-16,20,-24,-27,-1,7
AU,Australia,Western Australia,,AU-WA,,24/3/20,-23,14,-19,-32,-8,9
AU,Australia,Western Australia,,AU-WA,,25/3/20,-25,13,-27,-40,-13,11
AU,Australia,Western Australia,,AU-WA,,26/3/20,-30,5,-26,-45,-18,13
AU,Australia,Western Australia,,AU-WA,,27/3/20,-33,5,-35,-50,-18,15
AU,Australia,Western Australia,,AU-WA,,28/3/20,-37,-4,-43,-54,-23,15
AU,Australia,Western Australia,,AU-WA,,29/3/20,-40,-16,-37,-55,-26,13
AU,Australia,Western Australia,,AU-WA,,30/3/20,-36,-11,-38,-52,-25,15
AU,Australia,Western Australia,,AU-WA,,31/3/20,-35,-9,-33,-52,-28,15
AU,Australia,Western Australia,,AU-WA,,1/4/20,-36,-9,-37,-53,-29,17
AU,Australia,Western Australia,,AU-WA,,2/4/20,-37,-11,-41,-55,-31,18
AU,Australia,Western Australia,,AU-WA,,3/4/20,-36,-5,-39,-58,-28,18
AU,Australia,Western Australia,,AU-WA,,4/4/20,-39,-9,-46,-60,-27,16
AU,Australia,Western Australia,,AU-WA,,5/4/20,-40,-17,-43,-61,-29,14
AU,Australia,Western Australia,,AU-WA,,6/4/20,-34,-10,-32,-56,-29,16
AU,Australia,Western Australia,,AU-WA,,7/4/20,-33,-6,-27,-55,-31,16
AU,Australia,Western Australia,,AU-WA,,8/4/20,-31,-2,-27,-58,-30,16
AU,Australia,Western Australia,,AU-WA,,9/4/20,-23,16,-30,-55,-31,16
AU,Australia,Western Australia,,AU-WA,,10/4/20,-74,-35,-26,-74,-77,31
AU,Australia,Western Australia,,AU-WA,,11/4/20,-32,2,-39,-62,-32,16
AU,Australia,Western Australia,,AU-WA,,12/4/20,-47,-31,-38,-60,-31,14
AU,Australia,Western Australia,,AU-WA,,13/4/20,-43,-23,-11,-69,-73,26
AU,Australia,Western Australia,,AU-WA,,14/4/20,-30,-3,-27,-57,-35,16
AU,Australia,Western Australia,,AU-WA,,15/4/20,-32,-6,-30,-56,-34,17
AU,Australia,Western Australia,,AU-WA,,16/4/20,-32,-6,-25,-56,-34,18
AU,Australia,Western Australia,,AU-WA,,17/4/20,-33,-3,-28,-57,-33,18
AU,Australia,Western Australia,,AU-WA,,18/4/20,-37,-10,-48,-56,-25,15
AU,Australia,Western Australia,,AU-WA,,19/4/20,-40,-20,-43,-56,-27,13
AU,Australia,Western Australia,,AU-WA,,20/4/20,-33,-8,-31,-56,-31,16
AU,Australia,Western Australia,,AU-WA,,21/4/20,-32,-6,-25,-52,-32,16
AU,Australia,Western Australia,,AU-WA,,22/4/20,-32,-5,-33,-55,-32,17
AU,Australia,Western Australia,,AU-WA,,23/4/20,-32,-5,-23,-53,-32,17
AU,Australia,Western Australia,,AU-WA,,24/4/20,-30,2,-29,-55,-30,17
AU,Australia,Western Australia,,AU-WA,,25/4/20,-53,-32,-34,-59,-38,16
AU,Australia,Western Australia,,AU-WA,,26/4/20,-23,,-18,-49,-24,10
AU,Australia,Western Australia,,AU-WA,,27/4/20,-32,-9,2,-61,-70,23
AU,Australia,Western Australia,,AU-WA,,28/4/20,-24,6,-27,-50,-24,12
AU,Australia,Western Australia,,AU-WA,,29/4/20,-28,-1,-25,-49,-21,9
AU,Australia,Western Australia,,AU-WA,,30/4/20,-28,1,-26,-50,-22,14
AU,Australia,Western Australia,,AU-WA,,1/5/20,-27,3,-24,-50,-19,13
AU,Australia,Western Australia,,AU-WA,,2/5/20,-25,2,-14,-47,-20,10
AU,Australia,Western Australia,,AU-WA,,3/5/20,-28,-10,-9,-50,-21,9
AU,Australia,Western Australia,,AU-WA,,4/5/20,-29,-3,-50,-55,-18,13
AU,Australia,Western Australia,,AU-WA,,5/5/20,-28,-1,-44,-51,-18,13
AU,Australia,Western Australia,,AU-WA,,6/5/20,-29,-1,-50,-54,-20,14
AU,Australia,Western Australia,,AU-WA,,7/5/20,-24,6,-38,-49,-18,13
AU,Australia,Western Australia,,AU-WA,,8/5/20,-21,10,-29,-48,-15,12
AU,Australia,Western Australia,,AU-WA,,9/5/20,-14,22,-20,-43,-17,9
AU,Australia,Western Australia,,AU-WA,,10/5/20,-22,0,-4,-43,-16,7
AU,Australia,Western Australia,,AU-WA,,11/5/20,-23,-1,-24,-47,-14,11
AU,Australia,Western Australia,,AU-WA,,12/5/20,-22,1,-18,-44,-14,11
AU,Australia,Western Australia,,AU-WA,,13/5/20,-23,2,-19,-44,-14,11
AU,Australia,Western Australia,,AU-WA,,14/5/20,-23,1,-15,-44,-15,10
AU,Australia,Western Australia,,AU-WA,,15/5/20,-22,7,-21,-44,-13,11
AU,Australia,Western Australia,,AU-WA,,16/5/20,-20,8,-19,-41,-16,8
AU,Australia,Western Australia,,AU-WA,,17/5/20,-22,1,-13,-45,-17,8
AU,Australia,Western Australia,,AU-WA,,18/5/20,-17,3,-27,-44,-9,9
AU,Australia,Western Australia,,AU-WA,,19/5/20,-17,4,-19,-41,-10,9
AU,Australia,Western Australia,,AU-WA,,20/5/20,-17,3,-20,-43,-10,10
AU,Australia,Western Australia,,AU-WA,,21/5/20,-17,2,-18,-41,-11,10
AU,Australia,Western Australia,,AU-WA,,22/5/20,-15,9,-16,-42,-9,9
AU,Australia,Western Australia,,AU-WA,,23/5/20,-12,12,-5,-37,-13,6
AU,Australia,Western Australia,,AU-WA,,24/5/20,-34,-10,-63,-59,-22,11
AU,Australia,Western Australia,,AU-WA,,25/5/20,-25,-6,-51,-50,-14,11
AU,Australia,Western Australia,,AU-WA,,26/5/20,-16,4,-29,-42,-8,9
AU,Australia,Western Australia,,AU-WA,,27/5/20,-16,3,-33,-42,-8,9
AU,Australia,Western Australia,,AU-WA,,28/5/20,-17,3,-39,-42,-9,10
AU,Australia,Western Australia,,AU-WA,,29/5/20,-19,4,-51,-45,-12,10
AU,Australia,Western Australia,,AU-WA,,30/5/20,-13,10,-36,-40,-12,7
AU,Australia,Western Australia,,AU-WA,,31/5/20,-15,0,-28,-44,-13,6
AU,Australia,Western Australia,,AU-WA,,1/6/20,-19,-7,14,-55,-67,17
AU,Australia,Western Australia,,AU-WA,,2/6/20,-14,7,-21,-36,-7,7
AU,Australia,Western Australia,,AU-WA,,3/6/20,-15,4,-16,-39,-6,8
AU,Australia,Western Australia,,AU-WA,,4/6/20,-16,-1,-17,-38,-6,8
AU,Australia,Western Australia,,AU-WA,,5/6/20,-13,5,-16,-38,-5,8
AU,Australia,Western Australia,,AU-WA,,6/6/20,-5,3,-14,-36,-6,6
AU,Australia,Western Australia,,AU-WA,,7/6/20,-10,-1,-22,-44,-10,6
AU,Australia,Western Australia,,AU-WA,,8/6/20,-10,0,-16,-38,-4,7
AU,Australia,Western Australia,,AU-WA,,9/6/20,-10,-1,-9,-36,-4,6
AU,Australia,Western Australia,,AU-WA,,10/6/20,-10,0,-19,-37,-5,7
AU,Australia,Western Australia,,AU-WA,,11/6/20,-12,2,-36,-41,-6,9
AU,Australia,Western Australia,,AU-WA,,12/6/20,-8,7,-37,-39,-5,8